#
# There is insufficient memory for the Java Runtime Environment to continue.
# Native memory allocation (mmap) failed to map 89128960 bytes. Error detail: G1 virtual space
# Possible reasons:
#   The system is out of physical RAM or swap space
#   This process is running with CompressedOops enabled, and the Java Heap may be blocking the growth of the native heap
# Possible solutions:
#   Reduce memory load on the system
#   Increase physical memory or swap space
#   Check if swap backing store is full
#   Decrease Java heap size (-Xmx/-Xms)
#   Decrease number of Java threads
#   Decrease Java thread stack sizes (-Xss)
#   Set larger code cache with -XX:ReservedCodeCacheSize=
#   JVM is running with Unscaled Compressed Oops mode in which the Java heap is
#     placed in the first 4GB address space. The Java Heap base address is the
#     maximum limit for the native heap growth. Please use -XX:HeapBaseMinAddress
#     to set the Java Heap base and to place the Java Heap above 4GB virtual address.
# This output file may be truncated or incomplete.
#
#  Out of Memory Error (os_windows.cpp:3898), pid=19596, tid=21260
#
# JRE version: OpenJDK Runtime Environment (21.0.6) (build 21.0.6+-13368085-b895.109)
# Java VM: OpenJDK 64-Bit Server VM (21.0.6+-13368085-b895.109, mixed mode, tiered, compressed oops, compressed class ptrs, g1 gc, windows-amd64)
# No core dump will be written. Minidumps are not enabled by default on client versions of Windows
#

---------------  S U M M A R Y ------------

Command Line: --add-opens=java.base/java.lang=ALL-UNNAMED --add-opens=java.base/java.lang.invoke=ALL-UNNAMED --add-opens=java.base/java.util=ALL-UNNAMED --add-opens=java.prefs/java.util.prefs=ALL-UNNAMED --add-exports=jdk.compiler/com.sun.tools.javac.api=ALL-UNNAMED --add-exports=jdk.compiler/com.sun.tools.javac.util=ALL-UNNAMED --add-opens=java.base/java.util=ALL-UNNAMED --add-opens=java.prefs/java.util.prefs=ALL-UNNAMED --add-opens=java.base/java.nio.charset=ALL-UNNAMED --add-opens=java.base/java.net=ALL-UNNAMED --add-opens=java.base/java.util.concurrent.atomic=ALL-UNNAMED --add-opens=java.xml/javax.xml.namespace=ALL-UNNAMED -Xmx2048m -Dfile.encoding=UTF-8 -Duser.country=BR -Duser.language=pt -Duser.variant -javaagent:C:\Users\Richard Sanvie\.gradle\wrapper\dists\gradle-8.11.1-bin\bpt9gzteqjrbo1mjrsomdt32c\gradle-8.11.1\lib\agents\gradle-instrumentation-agent-8.11.1.jar org.gradle.launcher.daemon.bootstrap.GradleDaemon 8.11.1

Host: 13th Gen Intel(R) Core(TM) i5-1335U, 12 cores, 7G,  Windows 11 , 64 bit Build 26100 (10.0.26100.9168)
Time: Sat Aug 22 10:07:15 2026 Hora oficial do Brasil elapsed time: 23.799858 seconds (0d 0h 0m 23s)

---------------  T H R E A D  ---------------

Current thread (0x000002466e2c1110):  VMThread "VM Thread"          [id=21260, stack(0x000000c3bb100000,0x000000c3bb200000) (1024K)]

Stack: [0x000000c3bb100000,0x000000c3bb200000]
Native frames: (J=compiled Java code, j=interpreted, Vv=VM code, C=native code)
V  [jvm.dll+0x6d0639]
V  [jvm.dll+0x85eb03]
V  [jvm.dll+0x86105e]
V  [jvm.dll+0x861743]
V  [jvm.dll+0x27e6e6]
V  [jvm.dll+0x6ccfd5]
V  [jvm.dll+0x6c0a8a]
V  [jvm.dll+0x35537b]
V  [jvm.dll+0x35cfd6]
V  [jvm.dll+0x3aef86]
V  [jvm.dll+0x3af258]
V  [jvm.dll+0x327a2c]
V  [jvm.dll+0x32a436]
V  [jvm.dll+0x33438d]
V  [jvm.dll+0x36ba15]
V  [jvm.dll+0x8674c8]
V  [jvm.dll+0x868844]
V  [jvm.dll+0x868d80]
V  [jvm.dll+0x869013]
V  [jvm.dll+0x806ed8]
V  [jvm.dll+0x6cef0d]
C  [ucrtbase.dll+0x2cd30]
C  [KERNEL32.DLL+0x2ccb7]
C  [ntdll.dll+0xaad6c]

VM_Operation (0x000000c3bacff940): G1PauseRemark, mode: safepoint, requested by thread 0x00000246567e5750


---------------  P R O C E S S  ---------------

Threads class SMR info:
_java_thread_list=0x000002467d30ccc0, length=178, elements={
0x000002465677ce90, 0x000002466e481d10, 0x000002466e482f80, 0x000002466e49edc0,
0x000002466e49f420, 0x000002466e49fe70, 0x000002466e4a08c0, 0x000002466e4a1640,
0x000002466e4a24e0, 0x000002466e52ee50, 0x000002466e7ae3f0, 0x0000024673e642a0,
0x00000246740149c0, 0x000002467467bde0, 0x000002467461f2c0, 0x000002467461f920,
0x0000024674634b10, 0x000002467463ac70, 0x000002467465a790, 0x000002467465d960,
0x000002467465f3a0, 0x000002467465ed10, 0x000002467465d2d0, 0x000002467465fa30,
0x00000246746600c0, 0x0000024674660750, 0x000002467465dff0, 0x000002467465e680,
0x00000246760e40a0, 0x00000246760e2660, 0x00000246760e1fd0, 0x00000246760e1940,
0x00000246760e3380, 0x00000246760e6800, 0x00000246760e6e90, 0x00000246760e3a10,
0x00000246760e4dc0, 0x00000246760e88d0, 0x00000246760e7520, 0x00000246760e7bb0,
0x00000246760e8240, 0x00000246760e5450, 0x00000246760e8f60, 0x00000246760e5ae0,
0x0000024676fa1060, 0x0000024676fa37c0, 0x0000024676fa3e50, 0x0000024676fa4b70,
0x0000024676fa44e0, 0x0000024676fa2aa0, 0x0000024676fa16f0, 0x0000024676fa2410,
0x0000024676fa5200, 0x0000024676fa1d80, 0x0000024676fa7ff0, 0x0000024676fa65b0,
0x0000024676fa6c40, 0x0000024676fa72d0, 0x0000024676fa5890, 0x0000024676fa5f20,
0x0000024676fa8680, 0x0000024676fa7960, 0x000002467806c8a0, 0x000002467806b4f0,
0x000002467806dc50, 0x000002467806f000, 0x000002467806c210, 0x000002467806f690,
0x0000024673b60c80, 0x0000024673b619a0, 0x0000024673b62030, 0x0000024673b605f0,
0x0000024673b5ff60, 0x0000024673b626c0, 0x0000024673b62d50, 0x0000024673b5f8d0,
0x0000024673b66860, 0x0000024673b64100, 0x0000024673b63a70, 0x0000024673b633e0,
0x0000024673b64790, 0x00000246757a94b0, 0x00000246757aa1d0, 0x00000246757a9b40,
0x00000246757aa860, 0x00000246757a8100, 0x00000246757abc10, 0x00000246757a8790,
0x00000246757ac2a0, 0x00000246757a8e20, 0x00000246757acfc0, 0x00000246757af720,
0x00000246757ac930, 0x00000246757ad650, 0x00000246757aea00, 0x00000246757af090,
0x00000246757adce0, 0x000002467e4ef600, 0x000002467e4ee250, 0x000002467e4efc90,
0x000002467e4ed530, 0x000002467e4ee8e0, 0x000002467e4f0320, 0x000002467e4eef70,
0x000002467e4f09b0, 0x000002467e4f1040, 0x000002467e4edbc0, 0x000002467e4f3110,
0x000002467e4f4b50, 0x000002467e4f2a80, 0x000002467e4f16d0, 0x000002467e4f1d60,
0x000002467e4f44c0, 0x000002467e4f37a0, 0x000002467e4f3e30, 0x000002467e4f23f0,
0x000002467d3ddf90, 0x000002467d3dcbe0, 0x000002467d3de620, 0x000002467d3db830,
0x000002467d3decb0, 0x000002467d3df340, 0x000002467d3dc550, 0x000002467d3e0060,
0x000002467d3e06f0, 0x0000024673b61310, 0x0000024673b64e20, 0x0000024673b654b0,
0x0000024678071760, 0x00000246780710d0, 0x0000024678071df0, 0x0000024678072480,
0x0000024673b661d0, 0x000002467e4a9a00, 0x000002467e4aadb0, 0x000002467e4a9370,
0x000002467e4a8650, 0x000002467e4a7fc0, 0x000002467e4ab440, 0x000002467e4abad0,
0x000002467e4aa720, 0x000002467e4ac160, 0x000002467e4a8ce0, 0x000002467e4ac7f0,
0x000002467e4ace80, 0x000002467e4ad510, 0x000002467e4aa090, 0x000002467e4adba0,
0x000002467e4ae230, 0x000002467e4ae8c0, 0x000002467e4aef50, 0x000002467e4af5e0,
0x000002467de67f60, 0x000002467de699a0, 0x000002467de69310, 0x000002467de6a030,
0x000002467de67240, 0x000002467de6b3e0, 0x000002467de6d4b0, 0x000002467de6ce20,
0x000002467de6ba70, 0x000002467de6c790, 0x000002467de6db40, 0x000002467de6e1d0,
0x000002467de6c100, 0x000002467de6ad50, 0x000002467de6eef0, 0x000002467de6f580,
0x000002467de6fc10, 0x000002467de702a0, 0x000002467de70fc0, 0x000002467de71ce0,
0x000002467de71650, 0x000002467de70930, 0x000002467de6e860, 0x000002467de75e80,
0x000002467de75160, 0x000002467de757f0
}

Java Threads: ( => current thread )
  0x000002465677ce90 JavaThread "main"                              [_thread_blocked, id=1404, stack(0x000000c3baa00000,0x000000c3bab00000) (1024K)]
  0x000002466e481d10 JavaThread "Reference Handler"          daemon [_thread_blocked, id=22220, stack(0x000000c3bb200000,0x000000c3bb300000) (1024K)]
  0x000002466e482f80 JavaThread "Finalizer"                  daemon [_thread_blocked, id=28392, stack(0x000000c3bb300000,0x000000c3bb400000) (1024K)]
  0x000002466e49edc0 JavaThread "Signal Dispatcher"          daemon [_thread_blocked, id=22428, stack(0x000000c3bb400000,0x000000c3bb500000) (1024K)]
  0x000002466e49f420 JavaThread "Attach Listener"            daemon [_thread_blocked, id=19480, stack(0x000000c3bb500000,0x000000c3bb600000) (1024K)]
  0x000002466e49fe70 JavaThread "Service Thread"             daemon [_thread_blocked, id=21488, stack(0x000000c3bb600000,0x000000c3bb700000) (1024K)]
  0x000002466e4a08c0 JavaThread "Monitor Deflation Thread"   daemon [_thread_blocked, id=12052, stack(0x000000c3bb700000,0x000000c3bb800000) (1024K)]
  0x000002466e4a1640 JavaThread "C2 CompilerThread0"         daemon [_thread_blocked, id=21916, stack(0x000000c3bb800000,0x000000c3bb900000) (1024K)]
  0x000002466e4a24e0 JavaThread "C1 CompilerThread0"         daemon [_thread_blocked, id=20188, stack(0x000000c3bb900000,0x000000c3bba00000) (1024K)]
  0x000002466e52ee50 JavaThread "Common-Cleaner"             daemon [_thread_blocked, id=21992, stack(0x000000c3bba00000,0x000000c3bbb00000) (1024K)]
  0x000002466e7ae3f0 JavaThread "Notification Thread"        daemon [_thread_blocked, id=25044, stack(0x000000c3bbb00000,0x000000c3bbc00000) (1024K)]
  0x0000024673e642a0 JavaThread "Daemon health stats"               [_thread_blocked, id=14492, stack(0x000000c3bc000000,0x000000c3bc100000) (1024K)]
  0x00000246740149c0 JavaThread "Incoming local TCP Connector on port 50508"        [_thread_in_native, id=21236, stack(0x000000c3bc100000,0x000000c3bc200000) (1024K)]
  0x000002467467bde0 JavaThread "Daemon periodic checks"            [_thread_blocked, id=19352, stack(0x000000c3bc200000,0x000000c3bc300000) (1024K)]
  0x000002467461f2c0 JavaThread "Daemon"                            [_thread_blocked, id=21512, stack(0x000000c3bc300000,0x000000c3bc400000) (1024K)]
  0x000002467461f920 JavaThread "Handler for socket connection from /127.0.0.1:50508 to /127.0.0.1:50509"        [_thread_in_native, id=10936, stack(0x000000c3bc400000,0x000000c3bc500000) (1024K)]
  0x0000024674634b10 JavaThread "Cancel handler"                    [_thread_blocked, id=18564, stack(0x000000c3bc500000,0x000000c3bc600000) (1024K)]
  0x000002467463ac70 JavaThread "Daemon worker"                     [_thread_blocked, id=8380, stack(0x000000c3bc600000,0x000000c3bc700000) (1024K)]
  0x000002467465a790 JavaThread "Asynchronous log dispatcher for DefaultDaemonConnection: socket connection from /127.0.0.1:50508 to /127.0.0.1:50509"        [_thread_blocked, id=12688, stack(0x000000c3bc700000,0x000000c3bc800000) (1024K)]
  0x000002467465d960 JavaThread "Stdin handler"                     [_thread_blocked, id=21192, stack(0x000000c3bc800000,0x000000c3bc900000) (1024K)]
  0x000002467465f3a0 JavaThread "Daemon client event forwarder"        [_thread_blocked, id=26172, stack(0x000000c3bc900000,0x000000c3bca00000) (1024K)]
  0x000002467465ed10 JavaThread "Cache worker for journal cache (C:\Users\Richard Sanvie\.gradle\caches\journal-1)"        [_thread_blocked, id=5688, stack(0x000000c3bd100000,0x000000c3bd200000) (1024K)]
  0x000002467465d2d0 JavaThread "File lock request listener"        [_thread_in_native, id=10660, stack(0x000000c3bd200000,0x000000c3bd300000) (1024K)]
  0x000002467465fa30 JavaThread "Cache worker for file hash cache (C:\Users\Richard Sanvie\.gradle\caches\8.11.1\fileHashes)"        [_thread_blocked, id=744, stack(0x000000c3bd300000,0x000000c3bd400000) (1024K)]
  0x00000246746600c0 JavaThread "Cache worker for file content cache (C:\Users\Richard Sanvie\.gradle\caches\8.11.1\fileContent)"        [_thread_blocked, id=3136, stack(0x000000c3bd400000,0x000000c3bd500000) (1024K)]
  0x0000024674660750 JavaThread "Cache worker for file hash cache (C:\Users\Richard Sanvie\Recipes\.gradle\8.11.1\fileHashes)"        [_thread_blocked, id=17236, stack(0x000000c3bd500000,0x000000c3bd600000) (1024K)]
  0x000002467465dff0 JavaThread "Cache worker for Build Output Cleanup Cache (C:\Users\Richard Sanvie\Recipes\.gradle\buildOutputCleanup)"        [_thread_blocked, id=8752, stack(0x000000c3bd600000,0x000000c3bd700000) (1024K)]
  0x000002467465e680 JavaThread "File watcher server"        daemon [_thread_blocked, id=3324, stack(0x000000c3bd700000,0x000000c3bd800000) (1024K)]
  0x00000246760e40a0 JavaThread "File watcher consumer"      daemon [_thread_blocked, id=5728, stack(0x000000c3bd800000,0x000000c3bd900000) (1024K)]
  0x00000246760e2660 JavaThread "Cache worker for checksums cache (C:\Users\Richard Sanvie\Recipes\.gradle\8.11.1\checksums)"        [_thread_blocked, id=1908, stack(0x000000c3bd900000,0x000000c3bda00000) (1024K)]
  0x00000246760e1fd0 JavaThread "Cache worker for cache directory md-rule (C:\Users\Richard Sanvie\.gradle\caches\8.11.1\md-rule)"        [_thread_blocked, id=7428, stack(0x000000c3bda00000,0x000000c3bdb00000) (1024K)]
  0x00000246760e1940 JavaThread "Cache worker for cache directory md-supplier (C:\Users\Richard Sanvie\.gradle\caches\8.11.1\md-supplier)"        [_thread_blocked, id=25060, stack(0x000000c3bdb00000,0x000000c3bdc00000) (1024K)]
  0x00000246760e3380 JavaThread "Unconstrained build operations"        [_thread_blocked, id=27000, stack(0x000000c3bdd00000,0x000000c3bde00000) (1024K)]
  0x00000246760e6800 JavaThread "Unconstrained build operations Thread 2"        [_thread_blocked, id=20612, stack(0x000000c3bde00000,0x000000c3bdf00000) (1024K)]
  0x00000246760e6e90 JavaThread "Unconstrained build operations Thread 3"        [_thread_blocked, id=1612, stack(0x000000c3bdf00000,0x000000c3be000000) (1024K)]
  0x00000246760e3a10 JavaThread "Unconstrained build operations Thread 4"        [_thread_blocked, id=27420, stack(0x000000c3be000000,0x000000c3be100000) (1024K)]
  0x00000246760e4dc0 JavaThread "Unconstrained build operations Thread 5"        [_thread_blocked, id=6072, stack(0x000000c3be100000,0x000000c3be200000) (1024K)]
  0x00000246760e88d0 JavaThread "Unconstrained build operations Thread 6"        [_thread_blocked, id=28448, stack(0x000000c3be200000,0x000000c3be300000) (1024K)]
  0x00000246760e7520 JavaThread "Unconstrained build operations Thread 7"        [_thread_blocked, id=4328, stack(0x000000c3be300000,0x000000c3be400000) (1024K)]
  0x00000246760e7bb0 JavaThread "Unconstrained build operations Thread 8"        [_thread_blocked, id=26696, stack(0x000000c3be400000,0x000000c3be500000) (1024K)]
  0x00000246760e8240 JavaThread "Unconstrained build operations Thread 9"        [_thread_blocked, id=8352, stack(0x000000c3be500000,0x000000c3be600000) (1024K)]
  0x00000246760e5450 JavaThread "Unconstrained build operations Thread 10"        [_thread_blocked, id=388, stack(0x000000c3be600000,0x000000c3be700000) (1024K)]
  0x00000246760e8f60 JavaThread "Unconstrained build operations Thread 11"        [_thread_blocked, id=19284, stack(0x000000c3be700000,0x000000c3be800000) (1024K)]
  0x00000246760e5ae0 JavaThread "Unconstrained build operations Thread 12"        [_thread_blocked, id=836, stack(0x000000c3be800000,0x000000c3be900000) (1024K)]
  0x0000024676fa1060 JavaThread "Unconstrained build operations Thread 13"        [_thread_blocked, id=11120, stack(0x000000c3be900000,0x000000c3bea00000) (1024K)]
  0x0000024676fa37c0 JavaThread "Unconstrained build operations Thread 14"        [_thread_blocked, id=15080, stack(0x000000c3bea00000,0x000000c3beb00000) (1024K)]
  0x0000024676fa3e50 JavaThread "Unconstrained build operations Thread 15"        [_thread_blocked, id=4296, stack(0x000000c3beb00000,0x000000c3bec00000) (1024K)]
  0x0000024676fa4b70 JavaThread "Unconstrained build operations Thread 16"        [_thread_blocked, id=13200, stack(0x000000c3bec00000,0x000000c3bed00000) (1024K)]
  0x0000024676fa44e0 JavaThread "Unconstrained build operations Thread 17"        [_thread_blocked, id=27432, stack(0x000000c3bed00000,0x000000c3bee00000) (1024K)]
  0x0000024676fa2aa0 JavaThread "Unconstrained build operations Thread 18"        [_thread_blocked, id=26224, stack(0x000000c3bee00000,0x000000c3bef00000) (1024K)]
  0x0000024676fa16f0 JavaThread "Unconstrained build operations Thread 19"        [_thread_blocked, id=27056, stack(0x000000c3bef00000,0x000000c3bf000000) (1024K)]
  0x0000024676fa2410 JavaThread "Unconstrained build operations Thread 20"        [_thread_blocked, id=9672, stack(0x000000c3bf000000,0x000000c3bf100000) (1024K)]
  0x0000024676fa5200 JavaThread "Unconstrained build operations Thread 21"        [_thread_blocked, id=21932, stack(0x000000c3bf100000,0x000000c3bf200000) (1024K)]
  0x0000024676fa1d80 JavaThread "Unconstrained build operations Thread 22"        [_thread_blocked, id=6452, stack(0x000000c3bf200000,0x000000c3bf300000) (1024K)]
  0x0000024676fa7ff0 JavaThread "Unconstrained build operations Thread 23"        [_thread_blocked, id=21676, stack(0x000000c3bf300000,0x000000c3bf400000) (1024K)]
  0x0000024676fa65b0 JavaThread "Unconstrained build operations Thread 24"        [_thread_blocked, id=6392, stack(0x000000c3bf400000,0x000000c3bf500000) (1024K)]
  0x0000024676fa6c40 JavaThread "Unconstrained build operations Thread 25"        [_thread_blocked, id=22608, stack(0x000000c3bf500000,0x000000c3bf600000) (1024K)]
  0x0000024676fa72d0 JavaThread "Unconstrained build operations Thread 26"        [_thread_blocked, id=28420, stack(0x000000c3bf600000,0x000000c3bf700000) (1024K)]
  0x0000024676fa5890 JavaThread "Unconstrained build operations Thread 27"        [_thread_blocked, id=4596, stack(0x000000c3bf700000,0x000000c3bf800000) (1024K)]
  0x0000024676fa5f20 JavaThread "Unconstrained build operations Thread 28"        [_thread_blocked, id=4832, stack(0x000000c3bf800000,0x000000c3bf900000) (1024K)]
  0x0000024676fa8680 JavaThread "Unconstrained build operations Thread 29"        [_thread_blocked, id=25728, stack(0x000000c3bf900000,0x000000c3bfa00000) (1024K)]
  0x0000024676fa7960 JavaThread "Unconstrained build operations Thread 30"        [_thread_blocked, id=28576, stack(0x000000c3bfa00000,0x000000c3bfb00000) (1024K)]
  0x000002467806c8a0 JavaThread "Unconstrained build operations Thread 31"        [_thread_blocked, id=26468, stack(0x000000c3bfb00000,0x000000c3bfc00000) (1024K)]
  0x000002467806b4f0 JavaThread "Unconstrained build operations Thread 32"        [_thread_blocked, id=20696, stack(0x000000c3bfc00000,0x000000c3bfd00000) (1024K)]
  0x000002467806dc50 JavaThread "Unconstrained build operations Thread 33"        [_thread_blocked, id=4964, stack(0x000000c3bfd00000,0x000000c3bfe00000) (1024K)]
  0x000002467806f000 JavaThread "build event listener"              [_thread_blocked, id=24376, stack(0x000000c3bfe00000,0x000000c3bff00000) (1024K)]
  0x000002467806c210 JavaThread "Memory manager"                    [_thread_blocked, id=23508, stack(0x000000c3bff00000,0x000000c3c0000000) (1024K)]
  0x000002467806f690 JavaThread "build event listener"              [_thread_blocked, id=22884, stack(0x000000c3c0000000,0x000000c3c0100000) (1024K)]
  0x0000024673b60c80 JavaThread "included builds"                   [_thread_blocked, id=12728, stack(0x000000c3c0100000,0x000000c3c0200000) (1024K)]
  0x0000024673b619a0 JavaThread "Execution worker"                  [_thread_blocked, id=21232, stack(0x000000c3c0200000,0x000000c3c0300000) (1024K)]
  0x0000024673b62030 JavaThread "Execution worker Thread 2"         [_thread_blocked, id=23240, stack(0x000000c3c0300000,0x000000c3c0400000) (1024K)]
  0x0000024673b605f0 JavaThread "Execution worker Thread 3"         [_thread_blocked, id=18140, stack(0x000000c3c0400000,0x000000c3c0500000) (1024K)]
  0x0000024673b5ff60 JavaThread "Execution worker Thread 4"         [_thread_blocked, id=21228, stack(0x000000c3c0500000,0x000000c3c0600000) (1024K)]
  0x0000024673b626c0 JavaThread "Execution worker Thread 5"         [_thread_blocked, id=27544, stack(0x000000c3c0600000,0x000000c3c0700000) (1024K)]
  0x0000024673b62d50 JavaThread "Execution worker Thread 6"         [_thread_blocked, id=6796, stack(0x000000c3c0700000,0x000000c3c0800000) (1024K)]
  0x0000024673b5f8d0 JavaThread "Execution worker Thread 7"         [_thread_blocked, id=6036, stack(0x000000c3c0800000,0x000000c3c0900000) (1024K)]
  0x0000024673b66860 JavaThread "Execution worker Thread 8"         [_thread_blocked, id=10056, stack(0x000000c3c0900000,0x000000c3c0a00000) (1024K)]
  0x0000024673b64100 JavaThread "Execution worker Thread 9"         [_thread_blocked, id=23644, stack(0x000000c3c0a00000,0x000000c3c0b00000) (1024K)]
  0x0000024673b63a70 JavaThread "Execution worker Thread 10"        [_thread_blocked, id=27744, stack(0x000000c3c0b00000,0x000000c3c0c00000) (1024K)]
  0x0000024673b633e0 JavaThread "Execution worker Thread 11"        [_thread_blocked, id=24084, stack(0x000000c3c0c00000,0x000000c3c0d00000) (1024K)]
  0x0000024673b64790 JavaThread "Cache worker for execution history cache (C:\Users\Richard Sanvie\Recipes\.gradle\8.11.1\executionHistory)"        [_thread_blocked, id=24536, stack(0x000000c3c0d00000,0x000000c3c0e00000) (1024K)]
  0x00000246757a94b0 JavaThread "Unconstrained build operations Thread 34"        [_thread_blocked, id=4768, stack(0x000000c3c0e00000,0x000000c3c0f00000) (1024K)]
  0x00000246757aa1d0 JavaThread "Unconstrained build operations Thread 35"        [_thread_blocked, id=23996, stack(0x000000c3c0f00000,0x000000c3c1000000) (1024K)]
  0x00000246757a9b40 JavaThread "Unconstrained build operations Thread 36"        [_thread_blocked, id=28036, stack(0x000000c3c1000000,0x000000c3c1100000) (1024K)]
  0x00000246757aa860 JavaThread "Unconstrained build operations Thread 37"        [_thread_blocked, id=21776, stack(0x000000c3c1100000,0x000000c3c1200000) (1024K)]
  0x00000246757a8100 JavaThread "Unconstrained build operations Thread 38"        [_thread_blocked, id=28600, stack(0x000000c3c1200000,0x000000c3c1300000) (1024K)]
  0x00000246757abc10 JavaThread "Unconstrained build operations Thread 39"        [_thread_blocked, id=26048, stack(0x000000c3c1300000,0x000000c3c1400000) (1024K)]
  0x00000246757a8790 JavaThread "Unconstrained build operations Thread 40"        [_thread_blocked, id=19004, stack(0x000000c3c1400000,0x000000c3c1500000) (1024K)]
  0x00000246757ac2a0 JavaThread "Unconstrained build operations Thread 41"        [_thread_blocked, id=2724, stack(0x000000c3c1500000,0x000000c3c1600000) (1024K)]
  0x00000246757a8e20 JavaThread "Unconstrained build operations Thread 42"        [_thread_blocked, id=5580, stack(0x000000c3c1600000,0x000000c3c1700000) (1024K)]
  0x00000246757acfc0 JavaThread "Unconstrained build operations Thread 43"        [_thread_blocked, id=24308, stack(0x000000c3c1700000,0x000000c3c1800000) (1024K)]
  0x00000246757af720 JavaThread "Unconstrained build operations Thread 44"        [_thread_blocked, id=27292, stack(0x000000c3c1800000,0x000000c3c1900000) (1024K)]
  0x00000246757ac930 JavaThread "Unconstrained build operations Thread 45"        [_thread_blocked, id=19492, stack(0x000000c3c1900000,0x000000c3c1a00000) (1024K)]
  0x00000246757ad650 JavaThread "Unconstrained build operations Thread 46"        [_thread_blocked, id=11044, stack(0x000000c3c1a00000,0x000000c3c1b00000) (1024K)]
  0x00000246757aea00 JavaThread "Unconstrained build operations Thread 47"        [_thread_blocked, id=28596, stack(0x000000c3c1b00000,0x000000c3c1c00000) (1024K)]
  0x00000246757af090 JavaThread "Unconstrained build operations Thread 48"        [_thread_blocked, id=21680, stack(0x000000c3c1c00000,0x000000c3c1d00000) (1024K)]
  0x00000246757adce0 JavaThread "Unconstrained build operations Thread 49"        [_thread_blocked, id=10396, stack(0x000000c3c1d00000,0x000000c3c1e00000) (1024K)]
  0x000002467e4ef600 JavaThread "Unconstrained build operations Thread 50"        [_thread_blocked, id=28216, stack(0x000000c3c1e00000,0x000000c3c1f00000) (1024K)]
  0x000002467e4ee250 JavaThread "Unconstrained build operations Thread 51"        [_thread_blocked, id=11156, stack(0x000000c3c1f00000,0x000000c3c2000000) (1024K)]
  0x000002467e4efc90 JavaThread "Unconstrained build operations Thread 52"        [_thread_blocked, id=27144, stack(0x000000c3c2000000,0x000000c3c2100000) (1024K)]
  0x000002467e4ed530 JavaThread "Unconstrained build operations Thread 53"        [_thread_blocked, id=1420, stack(0x000000c3c2100000,0x000000c3c2200000) (1024K)]
  0x000002467e4ee8e0 JavaThread "Unconstrained build operations Thread 54"        [_thread_blocked, id=27360, stack(0x000000c3c2200000,0x000000c3c2300000) (1024K)]
  0x000002467e4f0320 JavaThread "Unconstrained build operations Thread 55"        [_thread_blocked, id=20060, stack(0x000000c3c2300000,0x000000c3c2400000) (1024K)]
  0x000002467e4eef70 JavaThread "Unconstrained build operations Thread 56"        [_thread_blocked, id=9760, stack(0x000000c3c2400000,0x000000c3c2500000) (1024K)]
  0x000002467e4f09b0 JavaThread "Unconstrained build operations Thread 57"        [_thread_blocked, id=13564, stack(0x000000c3c2500000,0x000000c3c2600000) (1024K)]
  0x000002467e4f1040 JavaThread "Unconstrained build operations Thread 58"        [_thread_blocked, id=13532, stack(0x000000c3c2600000,0x000000c3c2700000) (1024K)]
  0x000002467e4edbc0 JavaThread "Unconstrained build operations Thread 59"        [_thread_blocked, id=6616, stack(0x000000c3c2700000,0x000000c3c2800000) (1024K)]
  0x000002467e4f3110 JavaThread "Unconstrained build operations Thread 60"        [_thread_blocked, id=4988, stack(0x000000c3c2800000,0x000000c3c2900000) (1024K)]
  0x000002467e4f4b50 JavaThread "Unconstrained build operations Thread 61"        [_thread_blocked, id=2400, stack(0x000000c3c2900000,0x000000c3c2a00000) (1024K)]
  0x000002467e4f2a80 JavaThread "Unconstrained build operations Thread 62"        [_thread_blocked, id=22172, stack(0x000000c3c2a00000,0x000000c3c2b00000) (1024K)]
  0x000002467e4f16d0 JavaThread "Unconstrained build operations Thread 63"        [_thread_blocked, id=4008, stack(0x000000c3c2b00000,0x000000c3c2c00000) (1024K)]
  0x000002467e4f1d60 JavaThread "Unconstrained build operations Thread 64"        [_thread_blocked, id=9600, stack(0x000000c3c2c00000,0x000000c3c2d00000) (1024K)]
  0x000002467e4f44c0 JavaThread "Unconstrained build operations Thread 65"        [_thread_blocked, id=18896, stack(0x000000c3c2d00000,0x000000c3c2e00000) (1024K)]
  0x000002467e4f37a0 JavaThread "Unconstrained build operations Thread 66"        [_thread_blocked, id=8676, stack(0x000000c3c2e00000,0x000000c3c2f00000) (1024K)]
  0x000002467e4f3e30 JavaThread "Unconstrained build operations Thread 67"        [_thread_blocked, id=27800, stack(0x000000c3c2f00000,0x000000c3c3000000) (1024K)]
  0x000002467e4f23f0 JavaThread "Unconstrained build operations Thread 68"        [_thread_blocked, id=20816, stack(0x000000c3c3000000,0x000000c3c3100000) (1024K)]
  0x000002467d3ddf90 JavaThread "Unconstrained build operations Thread 69"        [_thread_blocked, id=16504, stack(0x000000c3c3100000,0x000000c3c3200000) (1024K)]
  0x000002467d3dcbe0 JavaThread "Unconstrained build operations Thread 70"        [_thread_blocked, id=24948, stack(0x000000c3c3200000,0x000000c3c3300000) (1024K)]
  0x000002467d3de620 JavaThread "Unconstrained build operations Thread 71"        [_thread_blocked, id=4120, stack(0x000000c3c3300000,0x000000c3c3400000) (1024K)]
  0x000002467d3db830 JavaThread "Unconstrained build operations Thread 72"        [_thread_blocked, id=18816, stack(0x000000c3c3400000,0x000000c3c3500000) (1024K)]
  0x000002467d3decb0 JavaThread "Unconstrained build operations Thread 73"        [_thread_blocked, id=18216, stack(0x000000c3c3500000,0x000000c3c3600000) (1024K)]
  0x000002467d3df340 JavaThread "Unconstrained build operations Thread 74"        [_thread_blocked, id=18108, stack(0x000000c3c3600000,0x000000c3c3700000) (1024K)]
  0x000002467d3dc550 JavaThread "Unconstrained build operations Thread 75"        [_thread_blocked, id=22124, stack(0x000000c3c3700000,0x000000c3c3800000) (1024K)]
  0x000002467d3e0060 JavaThread "Unconstrained build operations Thread 76"        [_thread_blocked, id=19960, stack(0x000000c3c3800000,0x000000c3c3900000) (1024K)]
  0x000002467d3e06f0 JavaThread "Unconstrained build operations Thread 77"        [_thread_blocked, id=21176, stack(0x000000c3c3900000,0x000000c3c3a00000) (1024K)]
  0x0000024673b61310 JavaThread "Unconstrained build operations Thread 78"        [_thread_blocked, id=3308, stack(0x000000c3c3a00000,0x000000c3c3b00000) (1024K)]
  0x0000024673b64e20 JavaThread "Unconstrained build operations Thread 79"        [_thread_blocked, id=28488, stack(0x000000c3c3b00000,0x000000c3c3c00000) (1024K)]
  0x0000024673b654b0 JavaThread "Unconstrained build operations Thread 80"        [_thread_blocked, id=3764, stack(0x000000c3c3c00000,0x000000c3c3d00000) (1024K)]
  0x0000024678071760 JavaThread "WorkerExecutor Queue"              [_thread_blocked, id=27928, stack(0x000000c3c3d00000,0x000000c3c3e00000) (1024K)]
  0x00000246780710d0 JavaThread "WorkerExecutor Queue Thread 2"        [_thread_blocked, id=5400, stack(0x000000c3c3e00000,0x000000c3c3f00000) (1024K)]
  0x0000024678071df0 JavaThread "Unconstrained build operations Thread 81"        [_thread_blocked, id=17120, stack(0x000000c3c3f00000,0x000000c3c4000000) (1024K)]
  0x0000024678072480 JavaThread "Unconstrained build operations Thread 82"        [_thread_blocked, id=7344, stack(0x000000c3c4000000,0x000000c3c4100000) (1024K)]
  0x0000024673b661d0 JavaThread "Unconstrained build operations Thread 83"        [_thread_blocked, id=19324, stack(0x000000c3c4100000,0x000000c3c4200000) (1024K)]
  0x000002467e4a9a00 JavaThread "Unconstrained build operations Thread 84"        [_thread_blocked, id=23120, stack(0x000000c3c4200000,0x000000c3c4300000) (1024K)]
  0x000002467e4aadb0 JavaThread "Unconstrained build operations Thread 85"        [_thread_blocked, id=14816, stack(0x000000c3c4300000,0x000000c3c4400000) (1024K)]
  0x000002467e4a9370 JavaThread "Unconstrained build operations Thread 86"        [_thread_blocked, id=8008, stack(0x000000c3c4400000,0x000000c3c4500000) (1024K)]
  0x000002467e4a8650 JavaThread "Unconstrained build operations Thread 87"        [_thread_blocked, id=17172, stack(0x000000c3c4500000,0x000000c3c4600000) (1024K)]
  0x000002467e4a7fc0 JavaThread "Unconstrained build operations Thread 88"        [_thread_blocked, id=15504, stack(0x000000c3c4600000,0x000000c3c4700000) (1024K)]
  0x000002467e4ab440 JavaThread "Unconstrained build operations Thread 89"        [_thread_blocked, id=5528, stack(0x000000c3c4700000,0x000000c3c4800000) (1024K)]
  0x000002467e4abad0 JavaThread "Unconstrained build operations Thread 90"        [_thread_blocked, id=8208, stack(0x000000c3c4800000,0x000000c3c4900000) (1024K)]
  0x000002467e4aa720 JavaThread "Unconstrained build operations Thread 91"        [_thread_blocked, id=3336, stack(0x000000c3c4900000,0x000000c3c4a00000) (1024K)]
  0x000002467e4ac160 JavaThread "WorkerExecutor Queue Thread 3"        [_thread_blocked, id=19412, stack(0x000000c3c4a00000,0x000000c3c4b00000) (1024K)]
  0x000002467e4a8ce0 JavaThread "Unconstrained build operations Thread 92"        [_thread_blocked, id=6756, stack(0x000000c3c4b00000,0x000000c3c4c00000) (1024K)]
  0x000002467e4ac7f0 JavaThread "Unconstrained build operations Thread 93"        [_thread_blocked, id=12804, stack(0x000000c3c4c00000,0x000000c3c4d00000) (1024K)]
  0x000002467e4ace80 JavaThread "Unconstrained build operations Thread 94"        [_thread_blocked, id=22908, stack(0x000000c3c4d00000,0x000000c3c4e00000) (1024K)]
  0x000002467e4ad510 JavaThread "Unconstrained build operations Thread 95"        [_thread_blocked, id=24164, stack(0x000000c3c4e00000,0x000000c3c4f00000) (1024K)]
  0x000002467e4aa090 JavaThread "Unconstrained build operations Thread 96"        [_thread_blocked, id=736, stack(0x000000c3c4f00000,0x000000c3c5000000) (1024K)]
  0x000002467e4adba0 JavaThread "Unconstrained build operations Thread 97"        [_thread_blocked, id=488, stack(0x000000c3c5000000,0x000000c3c5100000) (1024K)]
  0x000002467e4ae230 JavaThread "Unconstrained build operations Thread 98"        [_thread_blocked, id=13068, stack(0x000000c3c5100000,0x000000c3c5200000) (1024K)]
  0x000002467e4ae8c0 JavaThread "Unconstrained build operations Thread 99"        [_thread_blocked, id=19320, stack(0x000000c3c5200000,0x000000c3c5300000) (1024K)]
  0x000002467e4aef50 JavaThread "Unconstrained build operations Thread 100"        [_thread_blocked, id=27244, stack(0x000000c3c5300000,0x000000c3c5400000) (1024K)]
  0x000002467e4af5e0 JavaThread "Unconstrained build operations Thread 101"        [_thread_blocked, id=14420, stack(0x000000c3c5400000,0x000000c3c5500000) (1024K)]
  0x000002467de67f60 JavaThread "Unconstrained build operations Thread 102"        [_thread_blocked, id=11808, stack(0x000000c3c5500000,0x000000c3c5600000) (1024K)]
  0x000002467de699a0 JavaThread "WorkerExecutor Queue Thread 4"        [_thread_blocked, id=27480, stack(0x000000c3c5600000,0x000000c3c5700000) (1024K)]
  0x000002467de69310 JavaThread "WorkerExecutor Queue Thread 5"        [_thread_blocked, id=19524, stack(0x000000c3c5700000,0x000000c3c5800000) (1024K)]
  0x000002467de6a030 JavaThread "WorkerExecutor Queue Thread 6"        [_thread_blocked, id=1396, stack(0x000000c3c5800000,0x000000c3c5900000) (1024K)]
  0x000002467de67240 JavaThread "Unconstrained build operations Thread 103"        [_thread_blocked, id=17472, stack(0x000000c3c5900000,0x000000c3c5a00000) (1024K)]
  0x000002467de6b3e0 JavaThread "Unconstrained build operations Thread 104"        [_thread_blocked, id=16244, stack(0x000000c3c5a00000,0x000000c3c5b00000) (1024K)]
  0x000002467de6d4b0 JavaThread "Unconstrained build operations Thread 105"        [_thread_blocked, id=27392, stack(0x000000c3c5b00000,0x000000c3c5c00000) (1024K)]
  0x000002467de6ce20 JavaThread "Unconstrained build operations Thread 106"        [_thread_blocked, id=18100, stack(0x000000c3c5c00000,0x000000c3c5d00000) (1024K)]
  0x000002467de6ba70 JavaThread "Unconstrained build operations Thread 107"        [_thread_blocked, id=12468, stack(0x000000c3c5d00000,0x000000c3c5e00000) (1024K)]
  0x000002467de6c790 JavaThread "Unconstrained build operations Thread 108"        [_thread_blocked, id=18872, stack(0x000000c3c5e00000,0x000000c3c5f00000) (1024K)]
  0x000002467de6db40 JavaThread "Unconstrained build operations Thread 109"        [_thread_blocked, id=27568, stack(0x000000c3c5f00000,0x000000c3c6000000) (1024K)]
  0x000002467de6e1d0 JavaThread "Unconstrained build operations Thread 110"        [_thread_blocked, id=27784, stack(0x000000c3c6000000,0x000000c3c6100000) (1024K)]
  0x000002467de6c100 JavaThread "Unconstrained build operations Thread 111"        [_thread_blocked, id=14056, stack(0x000000c3c6100000,0x000000c3c6200000) (1024K)]
  0x000002467de6ad50 JavaThread "Unconstrained build operations Thread 112"        [_thread_blocked, id=27024, stack(0x000000c3c6200000,0x000000c3c6300000) (1024K)]
  0x000002467de6eef0 JavaThread "Unconstrained build operations Thread 113"        [_thread_blocked, id=14916, stack(0x000000c3c6300000,0x000000c3c6400000) (1024K)]
  0x000002467de6f580 JavaThread "Unconstrained build operations Thread 114"        [_thread_blocked, id=9880, stack(0x000000c3c6400000,0x000000c3c6500000) (1024K)]
  0x000002467de6fc10 JavaThread "Unconstrained build operations Thread 115"        [_thread_blocked, id=12252, stack(0x000000c3c6500000,0x000000c3c6600000) (1024K)]
  0x000002467de702a0 JavaThread "Unconstrained build operations Thread 116"        [_thread_blocked, id=26148, stack(0x000000c3c6600000,0x000000c3c6700000) (1024K)]
  0x000002467de70fc0 JavaThread "Unconstrained build operations Thread 117"        [_thread_blocked, id=16632, stack(0x000000c3c6700000,0x000000c3c6800000) (1024K)]
  0x000002467de71ce0 JavaThread "Unconstrained build operations Thread 118"        [_thread_blocked, id=19276, stack(0x000000c3c6800000,0x000000c3c6900000) (1024K)]
  0x000002467de71650 JavaThread "Unconstrained build operations Thread 119"        [_thread_blocked, id=3836, stack(0x000000c3c6900000,0x000000c3c6a00000) (1024K)]
  0x000002467de70930 JavaThread "Unconstrained build operations Thread 120"        [_thread_blocked, id=23008, stack(0x000000c3c6a00000,0x000000c3c6b00000) (1024K)]
  0x000002467de6e860 JavaThread "WorkerExecutor Queue Thread 7"        [_thread_blocked, id=14068, stack(0x000000c3c6b00000,0x000000c3c6c00000) (1024K)]
  0x000002467de75e80 JavaThread "pool-3-thread-1"                   [_thread_blocked, id=16576, stack(0x000000c3c6c00000,0x000000c3c6d00000) (1024K)]
  0x000002467de75160 JavaThread "stderr"                            [_thread_in_native, id=13568, stack(0x000000c3c6d00000,0x000000c3c6e00000) (1024K)]
  0x000002467de757f0 JavaThread "stdout"                            [_thread_in_native, id=22268, stack(0x000000c3c6e00000,0x000000c3c6f00000) (1024K)]
Total: 178

Other Threads:
=>0x000002466e2c1110 VMThread "VM Thread"                           [id=21260, stack(0x000000c3bb100000,0x000000c3bb200000) (1024K)]
  0x000002466e259120 WatcherThread "VM Periodic Task Thread"        [id=19256, stack(0x000000c3bb000000,0x000000c3bb100000) (1024K)]
  0x00000246567d4860 WorkerThread "GC Thread#0"                     [id=1956, stack(0x000000c3bab00000,0x000000c3bac00000) (1024K)]
  0x000002466eab1180 WorkerThread "GC Thread#1"                     [id=25928, stack(0x000000c3bbc00000,0x000000c3bbd00000) (1024K)]
  0x000002466e8eeaf0 WorkerThread "GC Thread#2"                     [id=24836, stack(0x000000c3bbd00000,0x000000c3bbe00000) (1024K)]
  0x0000024673192c70 WorkerThread "GC Thread#3"                     [id=21116, stack(0x000000c3bbe00000,0x000000c3bbf00000) (1024K)]
  0x0000024673193010 WorkerThread "GC Thread#4"                     [id=26760, stack(0x000000c3bbf00000,0x000000c3bc000000) (1024K)]
  0x00000246746a03b0 WorkerThread "GC Thread#5"                     [id=17844, stack(0x000000c3bca00000,0x000000c3bcb00000) (1024K)]
  0x00000246746d5930 WorkerThread "GC Thread#6"                     [id=7592, stack(0x000000c3bcb00000,0x000000c3bcc00000) (1024K)]
  0x00000246746d5cd0 WorkerThread "GC Thread#7"                     [id=11972, stack(0x000000c3bcc00000,0x000000c3bcd00000) (1024K)]
  0x00000246746e1c50 WorkerThread "GC Thread#8"                     [id=3464, stack(0x000000c3bcd00000,0x000000c3bce00000) (1024K)]
  0x00000246746e2730 WorkerThread "GC Thread#9"                     [id=23160, stack(0x000000c3bce00000,0x000000c3bcf00000) (1024K)]
  0x00000246567e5750 ConcurrentGCThread "G1 Main Marker"            [id=6640, stack(0x000000c3bac00000,0x000000c3bad00000) (1024K)]
  0x00000246567e6160 WorkerThread "G1 Conc#0"                       [id=19688, stack(0x000000c3bad00000,0x000000c3bae00000) (1024K)]
  0x00000246746e1510 WorkerThread "G1 Conc#1"                       [id=27116, stack(0x000000c3bcf00000,0x000000c3bd000000) (1024K)]
  0x00000246746e1ff0 WorkerThread "G1 Conc#2"                       [id=28492, stack(0x000000c3bd000000,0x000000c3bd100000) (1024K)]
  0x000002465683eb20 ConcurrentGCThread "G1 Refine#0"               [id=9944, stack(0x000000c3bae00000,0x000000c3baf00000) (1024K)]
  0x000002466e11f660 ConcurrentGCThread "G1 Service"                [id=19840, stack(0x000000c3baf00000,0x000000c3bb000000) (1024K)]
Total: 18

Threads with active compile tasks:
C2 CompilerThread0  23854 16233 %     4       com.android.tools.r8.internal.Wd::a @ 3319 (4363 bytes)
Total: 1

VM state: at safepoint (normal execution)

VM Mutex/Monitor currently owned by a thread:  ([mutex/lock_event])
[0x00007ff842fde3a0] Threads_lock - owner thread: 0x000002466e2c1110
[0x00007ff842fde4a0] Heap_lock - owner thread: 0x00000246567e5750

Heap address: 0x0000000080000000, size: 2048 MB, Compressed Oops mode: 32-bit

CDS archive(s) not mapped
Compressed class space mapped at: 0x0000000100000000-0x0000000140000000, reserved size: 1073741824
Narrow klass base: 0x0000000000000000, Narrow klass shift: 3, Narrow klass range: 0x140000000

GC Precious Log:
 CardTable entry size: 512
 Card Set container configuration: InlinePtr #cards 5 size 8 Array Of Cards #cards 12 size 40 Howl #buckets 4 coarsen threshold 1843 Howl Bitmap #cards 512 size 80 coarsen threshold 460 Card regions per heap region 1 cards per card region 2048
 CPUs: 12 total, 12 available
 Memory: 7882M
 Large Page Support: Disabled
 NUMA Support: Disabled
 Compressed Oops: Enabled (32-bit)
 Heap Region Size: 1M
 Heap Min Capacity: 8M
 Heap Initial Capacity: 124M
 Heap Max Capacity: 2G
 Pre-touch: Disabled
 Parallel Workers: 10
 Concurrent Workers: 3
 Concurrent Refinement Workers: 10
 Periodic GC: Disabled

Heap:
 garbage-first heap   total 311296K, used 261120K [0x0000000080000000, 0x0000000100000000)
  region size 1024K, 33 young (33792K), 9 survivors (9216K)
 Metaspace       used 133898K, committed 136192K, reserved 1179648K
  class space    used 18344K, committed 19520K, reserved 1048576K

Heap Regions: E=young(eden), S=young(survivor), O=old, HS=humongous(starts), HC=humongous(continues), CS=collection set, F=free, TAMS=top-at-mark-start, PB=parsable bottom
|   0|0x0000000080000000, 0x0000000080100000, 0x0000000080100000|100%|HS|  |TAMS 0x0000000080100000| PB 0x0000000080000000| Complete 
|   1|0x0000000080100000, 0x0000000080200000, 0x0000000080200000|100%|HC|  |TAMS 0x0000000080200000| PB 0x0000000080100000| Complete 
|   2|0x0000000080200000, 0x0000000080300000, 0x0000000080300000|100%|HC|  |TAMS 0x0000000080300000| PB 0x0000000080200000| Complete 
|   3|0x0000000080300000, 0x0000000080400000, 0x0000000080400000|100%| O|  |TAMS 0x0000000080400000| PB 0x0000000080400000| Untracked 
|   4|0x0000000080400000, 0x0000000080500000, 0x0000000080500000|100%| O|  |TAMS 0x0000000080500000| PB 0x0000000080500000| Untracked 
|   5|0x0000000080500000, 0x0000000080600000, 0x0000000080600000|100%| O|  |TAMS 0x0000000080600000| PB 0x0000000080600000| Untracked 
|   6|0x0000000080600000, 0x0000000080700000, 0x0000000080700000|100%|HS|  |TAMS 0x0000000080700000| PB 0x0000000080600000| Complete 
|   7|0x0000000080700000, 0x0000000080800000, 0x0000000080800000|100%| O|  |TAMS 0x0000000080800000| PB 0x0000000080800000| Untracked 
|   8|0x0000000080800000, 0x0000000080900000, 0x0000000080900000|100%| O|  |TAMS 0x0000000080900000| PB 0x0000000080900000| Untracked 
|   9|0x0000000080900000, 0x0000000080a00000, 0x0000000080a00000|100%| O|  |TAMS 0x0000000080a00000| PB 0x0000000080a00000| Untracked 
|  10|0x0000000080a00000, 0x0000000080b00000, 0x0000000080b00000|100%| O|  |TAMS 0x0000000080b00000| PB 0x0000000080b00000| Untracked 
|  11|0x0000000080b00000, 0x0000000080c00000, 0x0000000080c00000|100%| O|  |TAMS 0x0000000080c00000| PB 0x0000000080c00000| Untracked 
|  12|0x0000000080c00000, 0x0000000080d00000, 0x0000000080d00000|100%| O|  |TAMS 0x0000000080d00000| PB 0x0000000080d00000| Untracked 
|  13|0x0000000080d00000, 0x0000000080e00000, 0x0000000080e00000|100%| O|  |TAMS 0x0000000080e00000| PB 0x0000000080e00000| Untracked 
|  14|0x0000000080e00000, 0x0000000080f00000, 0x0000000080f00000|100%| O|  |TAMS 0x0000000080f00000| PB 0x0000000080f00000| Untracked 
|  15|0x0000000080f00000, 0x0000000081000000, 0x0000000081000000|100%| O|  |TAMS 0x0000000081000000| PB 0x0000000081000000| Updating 
|  16|0x0000000081000000, 0x0000000081100000, 0x0000000081100000|100%| O|  |TAMS 0x0000000081100000| PB 0x0000000081100000| Updating 
|  17|0x0000000081100000, 0x0000000081200000, 0x0000000081200000|100%| O|  |TAMS 0x0000000081200000| PB 0x0000000081200000| Updating 
|  18|0x0000000081200000, 0x0000000081300000, 0x0000000081300000|100%| O|  |TAMS 0x0000000081300000| PB 0x0000000081300000| Untracked 
|  19|0x0000000081300000, 0x0000000081400000, 0x0000000081400000|100%| O|  |TAMS 0x0000000081400000| PB 0x0000000081400000| Updating 
|  20|0x0000000081400000, 0x0000000081500000, 0x0000000081500000|100%| O|  |TAMS 0x0000000081500000| PB 0x0000000081500000| Untracked 
|  21|0x0000000081500000, 0x0000000081600000, 0x0000000081600000|100%| O|  |TAMS 0x0000000081600000| PB 0x0000000081600000| Untracked 
|  22|0x0000000081600000, 0x0000000081700000, 0x0000000081700000|100%| O|  |TAMS 0x0000000081700000| PB 0x0000000081700000| Untracked 
|  23|0x0000000081700000, 0x0000000081800000, 0x0000000081800000|100%| O|  |TAMS 0x0000000081800000| PB 0x0000000081800000| Untracked 
|  24|0x0000000081800000, 0x0000000081900000, 0x0000000081900000|100%| O|  |TAMS 0x0000000081900000| PB 0x0000000081900000| Untracked 
|  25|0x0000000081900000, 0x0000000081a00000, 0x0000000081a00000|100%| O|  |TAMS 0x0000000081a00000| PB 0x0000000081a00000| Untracked 
|  26|0x0000000081a00000, 0x0000000081b00000, 0x0000000081b00000|100%| O|  |TAMS 0x0000000081b00000| PB 0x0000000081b00000| Untracked 
|  27|0x0000000081b00000, 0x0000000081c00000, 0x0000000081c00000|100%| O|  |TAMS 0x0000000081c00000| PB 0x0000000081c00000| Untracked 
|  28|0x0000000081c00000, 0x0000000081d00000, 0x0000000081d00000|100%| O|  |TAMS 0x0000000081d00000| PB 0x0000000081d00000| Untracked 
|  29|0x0000000081d00000, 0x0000000081e00000, 0x0000000081e00000|100%| O|  |TAMS 0x0000000081e00000| PB 0x0000000081e00000| Untracked 
|  30|0x0000000081e00000, 0x0000000081f00000, 0x0000000081f00000|100%| O|  |TAMS 0x0000000081f00000| PB 0x0000000081f00000| Untracked 
|  31|0x0000000081f00000, 0x0000000082000000, 0x0000000082000000|100%| O|  |TAMS 0x0000000082000000| PB 0x0000000082000000| Untracked 
|  32|0x0000000082000000, 0x0000000082100000, 0x0000000082100000|100%| O|  |TAMS 0x0000000082100000| PB 0x0000000082100000| Untracked 
|  33|0x0000000082100000, 0x0000000082200000, 0x0000000082200000|100%| O|  |TAMS 0x0000000082200000| PB 0x0000000082200000| Untracked 
|  34|0x0000000082200000, 0x0000000082300000, 0x0000000082300000|100%| O|  |TAMS 0x0000000082300000| PB 0x0000000082300000| Updating 
|  35|0x0000000082300000, 0x0000000082400000, 0x0000000082400000|100%| O|  |TAMS 0x0000000082400000| PB 0x0000000082400000| Untracked 
|  36|0x0000000082400000, 0x0000000082500000, 0x0000000082500000|100%| O|  |TAMS 0x0000000082500000| PB 0x0000000082500000| Untracked 
|  37|0x0000000082500000, 0x0000000082600000, 0x0000000082600000|100%| O|  |TAMS 0x0000000082600000| PB 0x0000000082600000| Untracked 
|  38|0x0000000082600000, 0x0000000082700000, 0x0000000082700000|100%| O|  |TAMS 0x0000000082700000| PB 0x0000000082700000| Untracked 
|  39|0x0000000082700000, 0x0000000082800000, 0x0000000082800000|100%| O|  |TAMS 0x0000000082800000| PB 0x0000000082800000| Untracked 
|  40|0x0000000082800000, 0x0000000082900000, 0x0000000082900000|100%| O|  |TAMS 0x0000000082900000| PB 0x0000000082900000| Updating 
|  41|0x0000000082900000, 0x0000000082a00000, 0x0000000082a00000|100%| O|  |TAMS 0x0000000082a00000| PB 0x0000000082a00000| Untracked 
|  42|0x0000000082a00000, 0x0000000082b00000, 0x0000000082b00000|100%|HS|  |TAMS 0x0000000082b00000| PB 0x0000000082a00000| Complete 
|  43|0x0000000082b00000, 0x0000000082c00000, 0x0000000082c00000|100%|HS|  |TAMS 0x0000000082c00000| PB 0x0000000082b00000| Complete 
|  44|0x0000000082c00000, 0x0000000082d00000, 0x0000000082d00000|100%|HS|  |TAMS 0x0000000082d00000| PB 0x0000000082c00000| Complete 
|  45|0x0000000082d00000, 0x0000000082e00000, 0x0000000082e00000|100%|HC|  |TAMS 0x0000000082e00000| PB 0x0000000082d00000| Complete 
|  46|0x0000000082e00000, 0x0000000082f00000, 0x0000000082f00000|100%|HS|  |TAMS 0x0000000082f00000| PB 0x0000000082e00000| Complete 
|  47|0x0000000082f00000, 0x0000000083000000, 0x0000000083000000|100%|HC|  |TAMS 0x0000000083000000| PB 0x0000000082f00000| Complete 
|  48|0x0000000083000000, 0x0000000083100000, 0x0000000083100000|100%|HS|  |TAMS 0x0000000083100000| PB 0x0000000083000000| Complete 
|  49|0x0000000083100000, 0x0000000083200000, 0x0000000083200000|100%|HS|  |TAMS 0x0000000083200000| PB 0x0000000083100000| Complete 
|  50|0x0000000083200000, 0x0000000083300000, 0x0000000083300000|100%| O|  |TAMS 0x0000000083300000| PB 0x0000000083300000| Untracked 
|  51|0x0000000083300000, 0x0000000083400000, 0x0000000083400000|100%| O|  |TAMS 0x0000000083400000| PB 0x0000000083400000| Untracked 
|  52|0x0000000083400000, 0x0000000083500000, 0x0000000083500000|100%| O|  |TAMS 0x0000000083500000| PB 0x0000000083500000| Untracked 
|  53|0x0000000083500000, 0x0000000083600000, 0x0000000083600000|100%| O|  |TAMS 0x0000000083600000| PB 0x0000000083600000| Updating 
|  54|0x0000000083600000, 0x0000000083700000, 0x0000000083700000|100%|HS|  |TAMS 0x0000000083700000| PB 0x0000000083600000| Complete 
|  55|0x0000000083700000, 0x0000000083800000, 0x0000000083800000|100%| O|  |TAMS 0x0000000083800000| PB 0x0000000083800000| Untracked 
|  56|0x0000000083800000, 0x0000000083900000, 0x0000000083900000|100%|HS|  |TAMS 0x0000000083900000| PB 0x0000000083800000| Complete 
|  57|0x0000000083900000, 0x0000000083a00000, 0x0000000083a00000|100%|HC|  |TAMS 0x0000000083a00000| PB 0x0000000083900000| Complete 
|  58|0x0000000083a00000, 0x0000000083b00000, 0x0000000083b00000|100%|HC|  |TAMS 0x0000000083b00000| PB 0x0000000083a00000| Complete 
|  59|0x0000000083b00000, 0x0000000083c00000, 0x0000000083c00000|100%|HS|  |TAMS 0x0000000083c00000| PB 0x0000000083b00000| Complete 
|  60|0x0000000083c00000, 0x0000000083d00000, 0x0000000083d00000|100%| O|  |TAMS 0x0000000083d00000| PB 0x0000000083d00000| Untracked 
|  61|0x0000000083d00000, 0x0000000083e00000, 0x0000000083e00000|100%| O|  |TAMS 0x0000000083e00000| PB 0x0000000083e00000| Untracked 
|  62|0x0000000083e00000, 0x0000000083f00000, 0x0000000083f00000|100%| O|  |TAMS 0x0000000083f00000| PB 0x0000000083f00000| Untracked 
|  63|0x0000000083f00000, 0x0000000084000000, 0x0000000084000000|100%|HS|  |TAMS 0x0000000084000000| PB 0x0000000083f00000| Complete 
|  64|0x0000000084000000, 0x0000000084100000, 0x0000000084100000|100%| O|  |TAMS 0x0000000084100000| PB 0x0000000084100000| Untracked 
|  65|0x0000000084100000, 0x0000000084200000, 0x0000000084200000|100%|HS|  |TAMS 0x0000000084200000| PB 0x0000000084100000| Complete 
|  66|0x0000000084200000, 0x0000000084300000, 0x0000000084300000|100%|HC|  |TAMS 0x0000000084300000| PB 0x0000000084200000| Complete 
|  67|0x0000000084300000, 0x0000000084400000, 0x0000000084400000|100%|HC|  |TAMS 0x0000000084400000| PB 0x0000000084300000| Complete 
|  68|0x0000000084400000, 0x0000000084500000, 0x0000000084500000|100%| O|  |TAMS 0x0000000084500000| PB 0x0000000084500000| Untracked 
|  69|0x0000000084500000, 0x0000000084600000, 0x0000000084600000|100%| O|  |TAMS 0x0000000084600000| PB 0x0000000084600000| Updating 
|  70|0x0000000084600000, 0x0000000084700000, 0x0000000084700000|100%| O|  |TAMS 0x0000000084700000| PB 0x0000000084700000| Updating 
|  71|0x0000000084700000, 0x0000000084800000, 0x0000000084800000|100%| O|  |TAMS 0x0000000084800000| PB 0x0000000084800000| Untracked 
|  72|0x0000000084800000, 0x0000000084900000, 0x0000000084900000|100%| O|  |TAMS 0x0000000084900000| PB 0x0000000084900000| Untracked 
|  73|0x0000000084900000, 0x0000000084a00000, 0x0000000084a00000|100%| O|  |TAMS 0x0000000084a00000| PB 0x0000000084a00000| Updating 
|  74|0x0000000084a00000, 0x0000000084b00000, 0x0000000084b00000|100%| O|  |TAMS 0x0000000084b00000| PB 0x0000000084b00000| Untracked 
|  75|0x0000000084b00000, 0x0000000084c00000, 0x0000000084c00000|100%| O|  |TAMS 0x0000000084c00000| PB 0x0000000084c00000| Updating 
|  76|0x0000000084c00000, 0x0000000084d00000, 0x0000000084d00000|100%| O|  |TAMS 0x0000000084d00000| PB 0x0000000084d00000| Updating 
|  77|0x0000000084d00000, 0x0000000084e00000, 0x0000000084e00000|100%| O|  |TAMS 0x0000000084e00000| PB 0x0000000084e00000| Updating 
|  78|0x0000000084e00000, 0x0000000084f00000, 0x0000000084f00000|100%| O|  |TAMS 0x0000000084f00000| PB 0x0000000084f00000| Updating 
|  79|0x0000000084f00000, 0x0000000085000000, 0x0000000085000000|100%| O|  |TAMS 0x0000000085000000| PB 0x0000000085000000| Untracked 
|  80|0x0000000085000000, 0x0000000085100000, 0x0000000085100000|100%| O|  |TAMS 0x0000000085100000| PB 0x0000000085100000| Updating 
|  81|0x0000000085100000, 0x0000000085200000, 0x0000000085200000|100%| O|  |TAMS 0x0000000085200000| PB 0x0000000085200000| Updating 
|  82|0x0000000085200000, 0x0000000085300000, 0x0000000085300000|100%| O|  |TAMS 0x0000000085300000| PB 0x0000000085300000| Untracked 
|  83|0x0000000085300000, 0x0000000085400000, 0x0000000085400000|100%| O|  |TAMS 0x0000000085400000| PB 0x0000000085400000| Updating 
|  84|0x0000000085400000, 0x0000000085500000, 0x0000000085500000|100%| O|  |TAMS 0x0000000085500000| PB 0x0000000085500000| Untracked 
|  85|0x0000000085500000, 0x0000000085600000, 0x0000000085600000|100%| O|  |TAMS 0x0000000085600000| PB 0x0000000085600000| Untracked 
|  86|0x0000000085600000, 0x0000000085700000, 0x0000000085700000|100%| O|  |TAMS 0x0000000085700000| PB 0x0000000085700000| Untracked 
|  87|0x0000000085700000, 0x0000000085800000, 0x0000000085800000|100%| O|  |TAMS 0x0000000085800000| PB 0x0000000085800000| Untracked 
|  88|0x0000000085800000, 0x0000000085900000, 0x0000000085900000|100%| O|  |TAMS 0x0000000085900000| PB 0x0000000085900000| Untracked 
|  89|0x0000000085900000, 0x0000000085a00000, 0x0000000085a00000|100%| O|  |TAMS 0x0000000085a00000| PB 0x0000000085a00000| Untracked 
|  90|0x0000000085a00000, 0x0000000085b00000, 0x0000000085b00000|100%| O|  |TAMS 0x0000000085b00000| PB 0x0000000085b00000| Untracked 
|  91|0x0000000085b00000, 0x0000000085c00000, 0x0000000085c00000|100%| O|  |TAMS 0x0000000085c00000| PB 0x0000000085c00000| Untracked 
|  92|0x0000000085c00000, 0x0000000085d00000, 0x0000000085d00000|100%| O|  |TAMS 0x0000000085d00000| PB 0x0000000085d00000| Updating 
|  93|0x0000000085d00000, 0x0000000085e00000, 0x0000000085e00000|100%| O|  |TAMS 0x0000000085e00000| PB 0x0000000085e00000| Untracked 
|  94|0x0000000085e00000, 0x0000000085f00000, 0x0000000085f00000|100%| O|  |TAMS 0x0000000085f00000| PB 0x0000000085f00000| Untracked 
|  95|0x0000000085f00000, 0x0000000086000000, 0x0000000086000000|100%| O|  |TAMS 0x0000000086000000| PB 0x0000000086000000| Untracked 
|  96|0x0000000086000000, 0x0000000086100000, 0x0000000086100000|100%| O|  |TAMS 0x0000000086100000| PB 0x0000000086100000| Updating 
|  97|0x0000000086100000, 0x0000000086200000, 0x0000000086200000|100%| O|  |TAMS 0x0000000086200000| PB 0x0000000086200000| Updating 
|  98|0x0000000086200000, 0x0000000086300000, 0x0000000086300000|100%| O|  |TAMS 0x0000000086300000| PB 0x0000000086300000| Untracked 
|  99|0x0000000086300000, 0x0000000086400000, 0x0000000086400000|100%| O|  |TAMS 0x0000000086400000| PB 0x0000000086400000| Updating 
| 100|0x0000000086400000, 0x0000000086500000, 0x0000000086500000|100%| O|  |TAMS 0x0000000086500000| PB 0x0000000086500000| Updating 
| 101|0x0000000086500000, 0x0000000086600000, 0x0000000086600000|100%| O|  |TAMS 0x0000000086600000| PB 0x0000000086600000| Untracked 
| 102|0x0000000086600000, 0x0000000086700000, 0x0000000086700000|100%| O|  |TAMS 0x0000000086700000| PB 0x0000000086700000| Updating 
| 103|0x0000000086700000, 0x0000000086800000, 0x0000000086800000|100%| O|  |TAMS 0x0000000086800000| PB 0x0000000086800000| Untracked 
| 104|0x0000000086800000, 0x0000000086900000, 0x0000000086900000|100%| O|  |TAMS 0x0000000086900000| PB 0x0000000086900000| Untracked 
| 105|0x0000000086900000, 0x0000000086a00000, 0x0000000086a00000|100%| O|  |TAMS 0x0000000086a00000| PB 0x0000000086a00000| Untracked 
| 106|0x0000000086a00000, 0x0000000086b00000, 0x0000000086b00000|100%| O|  |TAMS 0x0000000086b00000| PB 0x0000000086b00000| Updating 
| 107|0x0000000086b00000, 0x0000000086c00000, 0x0000000086c00000|100%| O|  |TAMS 0x0000000086c00000| PB 0x0000000086c00000| Untracked 
| 108|0x0000000086c00000, 0x0000000086d00000, 0x0000000086d00000|100%| O|  |TAMS 0x0000000086d00000| PB 0x0000000086d00000| Untracked 
| 109|0x0000000086d00000, 0x0000000086e00000, 0x0000000086e00000|100%| O|  |TAMS 0x0000000086e00000| PB 0x0000000086e00000| Untracked 
| 110|0x0000000086e00000, 0x0000000086f00000, 0x0000000086f00000|100%| O|  |TAMS 0x0000000086f00000| PB 0x0000000086f00000| Untracked 
| 111|0x0000000086f00000, 0x0000000087000000, 0x0000000087000000|100%| O|  |TAMS 0x0000000087000000| PB 0x0000000087000000| Untracked 
| 112|0x0000000087000000, 0x0000000087100000, 0x0000000087100000|100%| O|  |TAMS 0x0000000087100000| PB 0x0000000087100000| Untracked 
| 113|0x0000000087100000, 0x0000000087200000, 0x0000000087200000|100%| O|  |TAMS 0x0000000087200000| PB 0x0000000087200000| Untracked 
| 114|0x0000000087200000, 0x0000000087300000, 0x0000000087300000|100%| O|  |TAMS 0x0000000087300000| PB 0x0000000087300000| Untracked 
| 115|0x0000000087300000, 0x0000000087400000, 0x0000000087400000|100%| O|  |TAMS 0x0000000087400000| PB 0x0000000087400000| Untracked 
| 116|0x0000000087400000, 0x0000000087500000, 0x0000000087500000|100%| O|  |TAMS 0x0000000087500000| PB 0x0000000087500000| Untracked 
| 117|0x0000000087500000, 0x0000000087600000, 0x0000000087600000|100%| O|  |TAMS 0x0000000087600000| PB 0x0000000087600000| Untracked 
| 118|0x0000000087600000, 0x0000000087700000, 0x0000000087700000|100%| O|  |TAMS 0x0000000087700000| PB 0x0000000087700000| Updating 
| 119|0x0000000087700000, 0x0000000087800000, 0x0000000087800000|100%| O|  |TAMS 0x0000000087800000| PB 0x0000000087800000| Untracked 
| 120|0x0000000087800000, 0x0000000087900000, 0x0000000087900000|100%| O|  |TAMS 0x0000000087800000| PB 0x0000000087800000| Untracked 
| 121|0x0000000087900000, 0x0000000087a00000, 0x0000000087a00000|100%| O|  |TAMS 0x0000000087a00000| PB 0x0000000087a00000| Updating 
| 122|0x0000000087a00000, 0x0000000087b00000, 0x0000000087b00000|100%| O|  |TAMS 0x0000000087b00000| PB 0x0000000087b00000| Updating 
| 123|0x0000000087b00000, 0x0000000087c00000, 0x0000000087c00000|100%| O|  |TAMS 0x0000000087b00000| PB 0x0000000087b00000| Untracked 
| 124|0x0000000087c00000, 0x0000000087d00000, 0x0000000087d00000|100%| O|  |TAMS 0x0000000087c00000| PB 0x0000000087c00000| Untracked 
| 125|0x0000000087d00000, 0x0000000087e00000, 0x0000000087e00000|100%| O|  |TAMS 0x0000000087d00000| PB 0x0000000087d00000| Untracked 
| 126|0x0000000087e00000, 0x0000000087f00000, 0x0000000087f00000|100%| O|  |TAMS 0x0000000087f00000| PB 0x0000000087f00000| Updating 
| 127|0x0000000087f00000, 0x0000000088000000, 0x0000000088000000|100%| O|  |TAMS 0x0000000088000000| PB 0x0000000088000000| Untracked 
| 128|0x0000000088000000, 0x0000000088100000, 0x0000000088100000|100%| O|  |TAMS 0x0000000088100000| PB 0x0000000088100000| Untracked 
| 129|0x0000000088100000, 0x0000000088200000, 0x0000000088200000|100%| O|  |TAMS 0x0000000088200000| PB 0x0000000088200000| Untracked 
| 130|0x0000000088200000, 0x0000000088300000, 0x0000000088300000|100%| O|  |TAMS 0x0000000088300000| PB 0x0000000088300000| Untracked 
| 131|0x0000000088300000, 0x0000000088400000, 0x0000000088400000|100%| O|  |TAMS 0x0000000088400000| PB 0x0000000088400000| Updating 
| 132|0x0000000088400000, 0x0000000088500000, 0x0000000088500000|100%| O|  |TAMS 0x0000000088500000| PB 0x0000000088500000| Untracked 
| 133|0x0000000088500000, 0x0000000088600000, 0x0000000088600000|100%| O|  |TAMS 0x0000000088600000| PB 0x0000000088600000| Untracked 
| 134|0x0000000088600000, 0x0000000088700000, 0x0000000088700000|100%| O|  |TAMS 0x0000000088700000| PB 0x0000000088700000| Untracked 
| 135|0x0000000088700000, 0x0000000088800000, 0x0000000088800000|100%| O|  |TAMS 0x0000000088800000| PB 0x0000000088800000| Untracked 
| 136|0x0000000088800000, 0x0000000088900000, 0x0000000088900000|100%| O|  |TAMS 0x0000000088900000| PB 0x0000000088900000| Untracked 
| 137|0x0000000088900000, 0x0000000088a00000, 0x0000000088a00000|100%| O|  |TAMS 0x0000000088a00000| PB 0x0000000088a00000| Untracked 
| 138|0x0000000088a00000, 0x0000000088b00000, 0x0000000088b00000|100%| O|  |TAMS 0x0000000088b00000| PB 0x0000000088b00000| Untracked 
| 139|0x0000000088b00000, 0x0000000088c00000, 0x0000000088c00000|100%| O|  |TAMS 0x0000000088c00000| PB 0x0000000088c00000| Untracked 
| 140|0x0000000088c00000, 0x0000000088d00000, 0x0000000088d00000|100%| O|  |TAMS 0x0000000088d00000| PB 0x0000000088d00000| Untracked 
| 141|0x0000000088d00000, 0x0000000088e00000, 0x0000000088e00000|100%| O|  |TAMS 0x0000000088e00000| PB 0x0000000088e00000| Untracked 
| 142|0x0000000088e00000, 0x0000000088f00000, 0x0000000088f00000|100%| O|  |TAMS 0x0000000088f00000| PB 0x0000000088f00000| Untracked 
| 143|0x0000000088f00000, 0x0000000089000000, 0x0000000089000000|100%| O|  |TAMS 0x0000000089000000| PB 0x0000000089000000| Untracked 
| 144|0x0000000089000000, 0x0000000089100000, 0x0000000089100000|100%| O|  |TAMS 0x0000000089100000| PB 0x0000000089100000| Untracked 
| 145|0x0000000089100000, 0x0000000089200000, 0x0000000089200000|100%| O|  |TAMS 0x0000000089200000| PB 0x0000000089200000| Untracked 
| 146|0x0000000089200000, 0x0000000089300000, 0x0000000089300000|100%| O|  |TAMS 0x0000000089300000| PB 0x0000000089300000| Untracked 
| 147|0x0000000089300000, 0x0000000089400000, 0x0000000089400000|100%| O|  |TAMS 0x0000000089400000| PB 0x0000000089400000| Updating 
| 148|0x0000000089400000, 0x0000000089500000, 0x0000000089500000|100%| O|  |TAMS 0x0000000089500000| PB 0x0000000089500000| Updating 
| 149|0x0000000089500000, 0x0000000089600000, 0x0000000089600000|100%| O|  |TAMS 0x0000000089600000| PB 0x0000000089600000| Updating 
| 150|0x0000000089600000, 0x0000000089700000, 0x0000000089700000|100%| O|  |TAMS 0x0000000089700000| PB 0x0000000089700000| Untracked 
| 151|0x0000000089700000, 0x0000000089800000, 0x0000000089800000|100%| O|  |TAMS 0x0000000089800000| PB 0x0000000089800000| Untracked 
| 152|0x0000000089800000, 0x0000000089900000, 0x0000000089900000|100%| O|  |TAMS 0x0000000089900000| PB 0x0000000089900000| Untracked 
| 153|0x0000000089900000, 0x0000000089a00000, 0x0000000089a00000|100%| O|  |TAMS 0x0000000089a00000| PB 0x0000000089a00000| Untracked 
| 154|0x0000000089a00000, 0x0000000089b00000, 0x0000000089b00000|100%| O|  |TAMS 0x0000000089b00000| PB 0x0000000089b00000| Untracked 
| 155|0x0000000089b00000, 0x0000000089c00000, 0x0000000089c00000|100%| O|  |TAMS 0x0000000089c00000| PB 0x0000000089c00000| Updating 
| 156|0x0000000089c00000, 0x0000000089d00000, 0x0000000089d00000|100%| O|  |TAMS 0x0000000089c00000| PB 0x0000000089c00000| Untracked 
| 157|0x0000000089d00000, 0x0000000089e00000, 0x0000000089e00000|100%| O|  |TAMS 0x0000000089e00000| PB 0x0000000089e00000| Untracked 
| 158|0x0000000089e00000, 0x0000000089f00000, 0x0000000089f00000|100%| O|  |TAMS 0x0000000089f00000| PB 0x0000000089f00000| Untracked 
| 159|0x0000000089f00000, 0x000000008a000000, 0x000000008a000000|100%| O|  |TAMS 0x000000008a000000| PB 0x000000008a000000| Untracked 
| 160|0x000000008a000000, 0x000000008a100000, 0x000000008a100000|100%| O|  |TAMS 0x000000008a100000| PB 0x000000008a100000| Untracked 
| 161|0x000000008a100000, 0x000000008a200000, 0x000000008a200000|100%| O|  |TAMS 0x000000008a200000| PB 0x000000008a200000| Updating 
| 162|0x000000008a200000, 0x000000008a300000, 0x000000008a300000|100%| O|  |TAMS 0x000000008a300000| PB 0x000000008a300000| Updating 
| 163|0x000000008a300000, 0x000000008a400000, 0x000000008a400000|100%| O|  |TAMS 0x000000008a400000| PB 0x000000008a400000| Untracked 
| 164|0x000000008a400000, 0x000000008a500000, 0x000000008a500000|100%| O|  |TAMS 0x000000008a500000| PB 0x000000008a500000| Untracked 
| 165|0x000000008a500000, 0x000000008a600000, 0x000000008a600000|100%| O|  |TAMS 0x000000008a600000| PB 0x000000008a600000| Untracked 
| 166|0x000000008a600000, 0x000000008a700000, 0x000000008a700000|100%| O|  |TAMS 0x000000008a700000| PB 0x000000008a700000| Untracked 
| 167|0x000000008a700000, 0x000000008a800000, 0x000000008a800000|100%| O|  |TAMS 0x000000008a800000| PB 0x000000008a800000| Untracked 
| 168|0x000000008a800000, 0x000000008a900000, 0x000000008a900000|100%| O|  |TAMS 0x000000008a900000| PB 0x000000008a900000| Untracked 
| 169|0x000000008a900000, 0x000000008aa00000, 0x000000008aa00000|100%| O|  |TAMS 0x000000008aa00000| PB 0x000000008aa00000| Untracked 
| 170|0x000000008aa00000, 0x000000008ab00000, 0x000000008ab00000|100%| O|  |TAMS 0x000000008ab00000| PB 0x000000008ab00000| Updating 
| 171|0x000000008ab00000, 0x000000008ac00000, 0x000000008ac00000|100%| O|  |TAMS 0x000000008ac00000| PB 0x000000008ac00000| Updating 
| 172|0x000000008ac00000, 0x000000008ad00000, 0x000000008ad00000|100%| O|  |TAMS 0x000000008ad00000| PB 0x000000008ad00000| Untracked 
| 173|0x000000008ad00000, 0x000000008ae00000, 0x000000008ae00000|100%| O|  |TAMS 0x000000008ae00000| PB 0x000000008ae00000| Untracked 
| 174|0x000000008ae00000, 0x000000008af00000, 0x000000008af00000|100%| O|  |TAMS 0x000000008af00000| PB 0x000000008af00000| Untracked 
| 175|0x000000008af00000, 0x000000008b000000, 0x000000008b000000|100%| O|  |TAMS 0x000000008b000000| PB 0x000000008b000000| Untracked 
| 176|0x000000008b000000, 0x000000008b100000, 0x000000008b100000|100%| O|  |TAMS 0x000000008b100000| PB 0x000000008b100000| Untracked 
| 177|0x000000008b100000, 0x000000008b200000, 0x000000008b200000|100%| O|  |TAMS 0x000000008b200000| PB 0x000000008b200000| Untracked 
| 178|0x000000008b200000, 0x000000008b300000, 0x000000008b300000|100%| O|  |TAMS 0x000000008b300000| PB 0x000000008b300000| Untracked 
| 179|0x000000008b300000, 0x000000008b400000, 0x000000008b400000|100%| O|  |TAMS 0x000000008b400000| PB 0x000000008b400000| Untracked 
| 180|0x000000008b400000, 0x000000008b500000, 0x000000008b500000|100%| O|  |TAMS 0x000000008b500000| PB 0x000000008b500000| Untracked 
| 181|0x000000008b500000, 0x000000008b600000, 0x000000008b600000|100%| O|  |TAMS 0x000000008b600000| PB 0x000000008b600000| Untracked 
| 182|0x000000008b600000, 0x000000008b700000, 0x000000008b700000|100%| O|  |TAMS 0x000000008b700000| PB 0x000000008b700000| Untracked 
| 183|0x000000008b700000, 0x000000008b800000, 0x000000008b800000|100%| O|  |TAMS 0x000000008b800000| PB 0x000000008b800000| Untracked 
| 184|0x000000008b800000, 0x000000008b900000, 0x000000008b900000|100%| O|  |TAMS 0x000000008b900000| PB 0x000000008b900000| Updating 
| 185|0x000000008b900000, 0x000000008ba00000, 0x000000008ba00000|100%| O|  |TAMS 0x000000008ba00000| PB 0x000000008ba00000| Untracked 
| 186|0x000000008ba00000, 0x000000008bb00000, 0x000000008bb00000|100%| O|  |TAMS 0x000000008bb00000| PB 0x000000008bb00000| Updating 
| 187|0x000000008bb00000, 0x000000008bc00000, 0x000000008bc00000|100%| O|  |TAMS 0x000000008bc00000| PB 0x000000008bc00000| Updating 
| 188|0x000000008bc00000, 0x000000008bd00000, 0x000000008bd00000|100%| O|  |TAMS 0x000000008bcb0200| PB 0x000000008bcb0200| Updating 
| 189|0x000000008bd00000, 0x000000008be00000, 0x000000008be00000|100%| O|  |TAMS 0x000000008bd00000| PB 0x000000008bd00000| Untracked 
| 190|0x000000008be00000, 0x000000008bf00000, 0x000000008bf00000|100%| O|  |TAMS 0x000000008be00000| PB 0x000000008be00000| Untracked 
| 191|0x000000008bf00000, 0x000000008c000000, 0x000000008c000000|100%| O|  |TAMS 0x000000008bf00000| PB 0x000000008bf00000| Untracked 
| 192|0x000000008c000000, 0x000000008c100000, 0x000000008c100000|100%| O|  |TAMS 0x000000008c000000| PB 0x000000008c000000| Untracked 
| 193|0x000000008c100000, 0x000000008c200000, 0x000000008c200000|100%| O|  |TAMS 0x000000008c100000| PB 0x000000008c100000| Untracked 
| 194|0x000000008c200000, 0x000000008c300000, 0x000000008c300000|100%| O|  |TAMS 0x000000008c200000| PB 0x000000008c200000| Untracked 
| 195|0x000000008c300000, 0x000000008c400000, 0x000000008c400000|100%| O|  |TAMS 0x000000008c300000| PB 0x000000008c300000| Untracked 
| 196|0x000000008c400000, 0x000000008c500000, 0x000000008c500000|100%| O|  |TAMS 0x000000008c400000| PB 0x000000008c400000| Untracked 
| 197|0x000000008c500000, 0x000000008c600000, 0x000000008c600000|100%| O|  |TAMS 0x000000008c500000| PB 0x000000008c500000| Untracked 
| 198|0x000000008c600000, 0x000000008c700000, 0x000000008c700000|100%| O|  |TAMS 0x000000008c600000| PB 0x000000008c600000| Untracked 
| 199|0x000000008c700000, 0x000000008c800000, 0x000000008c800000|100%| O|  |TAMS 0x000000008c700000| PB 0x000000008c700000| Untracked 
| 200|0x000000008c800000, 0x000000008c900000, 0x000000008c900000|100%| O|  |TAMS 0x000000008c800000| PB 0x000000008c800000| Untracked 
| 201|0x000000008c900000, 0x000000008ca00000, 0x000000008ca00000|100%| O|  |TAMS 0x000000008c900000| PB 0x000000008c900000| Untracked 
| 202|0x000000008ca00000, 0x000000008cb00000, 0x000000008cb00000|100%| O|  |TAMS 0x000000008ca00000| PB 0x000000008ca00000| Untracked 
| 203|0x000000008cb00000, 0x000000008cc00000, 0x000000008cc00000|100%| O|  |TAMS 0x000000008cb00000| PB 0x000000008cb00000| Untracked 
| 204|0x000000008cc00000, 0x000000008cd00000, 0x000000008cd00000|100%| O|  |TAMS 0x000000008cc00000| PB 0x000000008cc00000| Untracked 
| 205|0x000000008cd00000, 0x000000008ce00000, 0x000000008ce00000|100%| O|  |TAMS 0x000000008cd00000| PB 0x000000008cd00000| Untracked 
| 206|0x000000008ce00000, 0x000000008cf00000, 0x000000008cf00000|100%| O|  |TAMS 0x000000008ce00000| PB 0x000000008ce00000| Untracked 
| 207|0x000000008cf00000, 0x000000008d000000, 0x000000008d000000|100%| O|  |TAMS 0x000000008cf00000| PB 0x000000008cf00000| Untracked 
| 208|0x000000008d000000, 0x000000008d100000, 0x000000008d100000|100%| O|  |TAMS 0x000000008d000000| PB 0x000000008d000000| Untracked 
| 209|0x000000008d100000, 0x000000008d200000, 0x000000008d200000|100%| O|  |TAMS 0x000000008d100000| PB 0x000000008d100000| Untracked 
| 210|0x000000008d200000, 0x000000008d300000, 0x000000008d300000|100%| O|  |TAMS 0x000000008d200000| PB 0x000000008d200000| Untracked 
| 211|0x000000008d300000, 0x000000008d300000, 0x000000008d400000|  0%| F|  |TAMS 0x000000008d300000| PB 0x000000008d300000| Untracked 
| 212|0x000000008d400000, 0x000000008d400000, 0x000000008d500000|  0%| F|  |TAMS 0x000000008d400000| PB 0x000000008d400000| Untracked 
| 213|0x000000008d500000, 0x000000008d500000, 0x000000008d600000|  0%| F|  |TAMS 0x000000008d500000| PB 0x000000008d500000| Untracked 
| 214|0x000000008d600000, 0x000000008d600000, 0x000000008d700000|  0%| F|  |TAMS 0x000000008d600000| PB 0x000000008d600000| Untracked 
| 215|0x000000008d700000, 0x000000008d700000, 0x000000008d800000|  0%| F|  |TAMS 0x000000008d700000| PB 0x000000008d700000| Untracked 
| 216|0x000000008d800000, 0x000000008d800000, 0x000000008d900000|  0%| F|  |TAMS 0x000000008d800000| PB 0x000000008d800000| Untracked 
| 217|0x000000008d900000, 0x000000008d900000, 0x000000008da00000|  0%| F|  |TAMS 0x000000008d900000| PB 0x000000008d900000| Untracked 
| 218|0x000000008da00000, 0x000000008da00000, 0x000000008db00000|  0%| F|  |TAMS 0x000000008da00000| PB 0x000000008da00000| Untracked 
| 219|0x000000008db00000, 0x000000008db00000, 0x000000008dc00000|  0%| F|  |TAMS 0x000000008db00000| PB 0x000000008db00000| Untracked 
| 220|0x000000008dc00000, 0x000000008dc00000, 0x000000008dd00000|  0%| F|  |TAMS 0x000000008dc00000| PB 0x000000008dc00000| Untracked 
| 221|0x000000008dd00000, 0x000000008dd00000, 0x000000008de00000|  0%| F|  |TAMS 0x000000008dd00000| PB 0x000000008dd00000| Untracked 
| 222|0x000000008de00000, 0x000000008de00000, 0x000000008df00000|  0%| F|  |TAMS 0x000000008de00000| PB 0x000000008de00000| Untracked 
| 223|0x000000008df00000, 0x000000008df00000, 0x000000008e000000|  0%| F|  |TAMS 0x000000008df00000| PB 0x000000008df00000| Untracked 
| 224|0x000000008e000000, 0x000000008e000000, 0x000000008e100000|  0%| F|  |TAMS 0x000000008e000000| PB 0x000000008e000000| Untracked 
| 225|0x000000008e100000, 0x000000008e100000, 0x000000008e200000|  0%| F|  |TAMS 0x000000008e100000| PB 0x000000008e100000| Untracked 
| 226|0x000000008e200000, 0x000000008e300000, 0x000000008e300000|100%| S|CS|TAMS 0x000000008e200000| PB 0x000000008e200000| Complete 
| 227|0x000000008e300000, 0x000000008e400000, 0x000000008e400000|100%| S|CS|TAMS 0x000000008e300000| PB 0x000000008e300000| Complete 
| 228|0x000000008e400000, 0x000000008e500000, 0x000000008e500000|100%| S|CS|TAMS 0x000000008e400000| PB 0x000000008e400000| Complete 
| 229|0x000000008e500000, 0x000000008e600000, 0x000000008e600000|100%| S|CS|TAMS 0x000000008e500000| PB 0x000000008e500000| Complete 
| 230|0x000000008e600000, 0x000000008e700000, 0x000000008e700000|100%| S|CS|TAMS 0x000000008e600000| PB 0x000000008e600000| Complete 
| 231|0x000000008e700000, 0x000000008e800000, 0x000000008e800000|100%| S|CS|TAMS 0x000000008e700000| PB 0x000000008e700000| Complete 
| 232|0x000000008e800000, 0x000000008e900000, 0x000000008e900000|100%| S|CS|TAMS 0x000000008e800000| PB 0x000000008e800000| Complete 
| 233|0x000000008e900000, 0x000000008ea00000, 0x000000008ea00000|100%| S|CS|TAMS 0x000000008e900000| PB 0x000000008e900000| Complete 
| 234|0x000000008ea00000, 0x000000008eb00000, 0x000000008eb00000|100%| S|CS|TAMS 0x000000008ea00000| PB 0x000000008ea00000| Complete 
| 235|0x000000008eb00000, 0x000000008eb00000, 0x000000008ec00000|  0%| F|  |TAMS 0x000000008eb00000| PB 0x000000008eb00000| Untracked 
| 236|0x000000008ec00000, 0x000000008ec00000, 0x000000008ed00000|  0%| F|  |TAMS 0x000000008ec00000| PB 0x000000008ec00000| Untracked 
| 237|0x000000008ed00000, 0x000000008ed00000, 0x000000008ee00000|  0%| F|  |TAMS 0x000000008ed00000| PB 0x000000008ed00000| Untracked 
| 238|0x000000008ee00000, 0x000000008ee00000, 0x000000008ef00000|  0%| F|  |TAMS 0x000000008ee00000| PB 0x000000008ee00000| Untracked 
| 239|0x000000008ef00000, 0x000000008ef00000, 0x000000008f000000|  0%| F|  |TAMS 0x000000008ef00000| PB 0x000000008ef00000| Untracked 
| 240|0x000000008f000000, 0x000000008f000000, 0x000000008f100000|  0%| F|  |TAMS 0x000000008f000000| PB 0x000000008f000000| Untracked 
| 241|0x000000008f100000, 0x000000008f100000, 0x000000008f200000|  0%| F|  |TAMS 0x000000008f100000| PB 0x000000008f100000| Untracked 
| 242|0x000000008f200000, 0x000000008f200000, 0x000000008f300000|  0%| F|  |TAMS 0x000000008f200000| PB 0x000000008f200000| Untracked 
| 243|0x000000008f300000, 0x000000008f300000, 0x000000008f400000|  0%| F|  |TAMS 0x000000008f300000| PB 0x000000008f300000| Untracked 
| 244|0x000000008f400000, 0x000000008f400000, 0x000000008f500000|  0%| F|  |TAMS 0x000000008f400000| PB 0x000000008f400000| Untracked 
| 245|0x000000008f500000, 0x000000008f500000, 0x000000008f600000|  0%| F|  |TAMS 0x000000008f500000| PB 0x000000008f500000| Untracked 
| 246|0x000000008f600000, 0x000000008f600000, 0x000000008f700000|  0%| F|  |TAMS 0x000000008f600000| PB 0x000000008f600000| Untracked 
| 247|0x000000008f700000, 0x000000008f700000, 0x000000008f800000|  0%| F|  |TAMS 0x000000008f700000| PB 0x000000008f700000| Untracked 
| 248|0x000000008f800000, 0x000000008f800000, 0x000000008f900000|  0%| F|  |TAMS 0x000000008f800000| PB 0x000000008f800000| Untracked 
| 249|0x000000008f900000, 0x000000008f900000, 0x000000008fa00000|  0%| F|  |TAMS 0x000000008f900000| PB 0x000000008f900000| Untracked 
| 250|0x000000008fa00000, 0x000000008fa00000, 0x000000008fb00000|  0%| F|  |TAMS 0x000000008fa00000| PB 0x000000008fa00000| Untracked 
| 251|0x000000008fb00000, 0x000000008fb00000, 0x000000008fc00000|  0%| F|  |TAMS 0x000000008fb00000| PB 0x000000008fb00000| Untracked 
| 252|0x000000008fc00000, 0x000000008fc00000, 0x000000008fd00000|  0%| F|  |TAMS 0x000000008fc00000| PB 0x000000008fc00000| Untracked 
| 253|0x000000008fd00000, 0x000000008fd00000, 0x000000008fe00000|  0%| F|  |TAMS 0x000000008fd00000| PB 0x000000008fd00000| Untracked 
| 254|0x000000008fe00000, 0x000000008fe00000, 0x000000008ff00000|  0%| F|  |TAMS 0x000000008fe00000| PB 0x000000008fe00000| Untracked 
| 255|0x000000008ff00000, 0x000000008ff00000, 0x0000000090000000|  0%| F|  |TAMS 0x000000008ff00000| PB 0x000000008ff00000| Untracked 
| 256|0x0000000090000000, 0x0000000090000000, 0x0000000090100000|  0%| F|  |TAMS 0x0000000090000000| PB 0x0000000090000000| Untracked 
| 257|0x0000000090100000, 0x0000000090100000, 0x0000000090200000|  0%| F|  |TAMS 0x0000000090100000| PB 0x0000000090100000| Untracked 
| 258|0x0000000090200000, 0x0000000090200000, 0x0000000090300000|  0%| F|  |TAMS 0x0000000090200000| PB 0x0000000090200000| Untracked 
| 259|0x0000000090300000, 0x0000000090300000, 0x0000000090400000|  0%| F|  |TAMS 0x0000000090300000| PB 0x0000000090300000| Untracked 
| 260|0x0000000090400000, 0x0000000090400000, 0x0000000090500000|  0%| F|  |TAMS 0x0000000090400000| PB 0x0000000090400000| Untracked 
| 261|0x0000000090500000, 0x0000000090500000, 0x0000000090600000|  0%| F|  |TAMS 0x0000000090500000| PB 0x0000000090500000| Untracked 
| 262|0x0000000090600000, 0x0000000090600000, 0x0000000090700000|  0%| F|  |TAMS 0x0000000090600000| PB 0x0000000090600000| Untracked 
| 263|0x0000000090700000, 0x0000000090700000, 0x0000000090800000|  0%| F|  |TAMS 0x0000000090700000| PB 0x0000000090700000| Untracked 
| 264|0x0000000090800000, 0x0000000090800000, 0x0000000090900000|  0%| F|  |TAMS 0x0000000090800000| PB 0x0000000090800000| Untracked 
| 265|0x0000000090900000, 0x0000000090900000, 0x0000000090a00000|  0%| F|  |TAMS 0x0000000090900000| PB 0x0000000090900000| Untracked 
| 266|0x0000000090a00000, 0x0000000090a00000, 0x0000000090b00000|  0%| F|  |TAMS 0x0000000090a00000| PB 0x0000000090a00000| Untracked 
| 267|0x0000000090b00000, 0x0000000090c00000, 0x0000000090c00000|100%| E|  |TAMS 0x0000000090b00000| PB 0x0000000090b00000| Complete 
| 268|0x0000000090c00000, 0x0000000090d00000, 0x0000000090d00000|100%| E|CS|TAMS 0x0000000090c00000| PB 0x0000000090c00000| Complete 
| 269|0x0000000090d00000, 0x0000000090e00000, 0x0000000090e00000|100%| E|CS|TAMS 0x0000000090d00000| PB 0x0000000090d00000| Complete 
| 270|0x0000000090e00000, 0x0000000090f00000, 0x0000000090f00000|100%| E|CS|TAMS 0x0000000090e00000| PB 0x0000000090e00000| Complete 
| 271|0x0000000090f00000, 0x0000000091000000, 0x0000000091000000|100%| E|CS|TAMS 0x0000000090f00000| PB 0x0000000090f00000| Complete 
| 272|0x0000000091000000, 0x0000000091100000, 0x0000000091100000|100%| E|CS|TAMS 0x0000000091000000| PB 0x0000000091000000| Complete 
| 273|0x0000000091100000, 0x0000000091200000, 0x0000000091200000|100%| E|CS|TAMS 0x0000000091100000| PB 0x0000000091100000| Complete 
| 274|0x0000000091200000, 0x0000000091300000, 0x0000000091300000|100%| E|CS|TAMS 0x0000000091200000| PB 0x0000000091200000| Complete 
| 275|0x0000000091300000, 0x0000000091400000, 0x0000000091400000|100%| E|CS|TAMS 0x0000000091300000| PB 0x0000000091300000| Complete 
| 276|0x0000000091400000, 0x0000000091500000, 0x0000000091500000|100%| E|CS|TAMS 0x0000000091400000| PB 0x0000000091400000| Complete 
| 277|0x0000000091500000, 0x0000000091600000, 0x0000000091600000|100%| E|  |TAMS 0x0000000091500000| PB 0x0000000091500000| Complete 
| 278|0x0000000091600000, 0x0000000091700000, 0x0000000091700000|100%| E|CS|TAMS 0x0000000091600000| PB 0x0000000091600000| Complete 
| 279|0x0000000091700000, 0x0000000091800000, 0x0000000091800000|100%| E|CS|TAMS 0x0000000091700000| PB 0x0000000091700000| Complete 
| 280|0x0000000091800000, 0x0000000091900000, 0x0000000091900000|100%| E|CS|TAMS 0x0000000091800000| PB 0x0000000091800000| Complete 
| 281|0x0000000091900000, 0x0000000091a00000, 0x0000000091a00000|100%| E|CS|TAMS 0x0000000091900000| PB 0x0000000091900000| Complete 
| 282|0x0000000091a00000, 0x0000000091b00000, 0x0000000091b00000|100%| E|CS|TAMS 0x0000000091a00000| PB 0x0000000091a00000| Complete 
| 283|0x0000000091b00000, 0x0000000091c00000, 0x0000000091c00000|100%| E|CS|TAMS 0x0000000091b00000| PB 0x0000000091b00000| Complete 
| 284|0x0000000091c00000, 0x0000000091d00000, 0x0000000091d00000|100%| E|CS|TAMS 0x0000000091c00000| PB 0x0000000091c00000| Complete 
| 285|0x0000000091d00000, 0x0000000091e00000, 0x0000000091e00000|100%| E|CS|TAMS 0x0000000091d00000| PB 0x0000000091d00000| Complete 
| 286|0x0000000091e00000, 0x0000000091f00000, 0x0000000091f00000|100%| E|CS|TAMS 0x0000000091e00000| PB 0x0000000091e00000| Complete 
| 287|0x0000000091f00000, 0x0000000092000000, 0x0000000092000000|100%| E|CS|TAMS 0x0000000091f00000| PB 0x0000000091f00000| Complete 
|2032|0x00000000ff000000, 0x00000000ff100000, 0x00000000ff100000|100%| O|  |TAMS 0x00000000ff100000| PB 0x00000000ff100000| Updating 
|2033|0x00000000ff100000, 0x00000000ff200000, 0x00000000ff200000|100%| O|  |TAMS 0x00000000ff200000| PB 0x00000000ff200000| Updating 
|2034|0x00000000ff200000, 0x00000000ff300000, 0x00000000ff300000|100%| O|  |TAMS 0x00000000ff300000| PB 0x00000000ff300000| Updating 
|2035|0x00000000ff300000, 0x00000000ff400000, 0x00000000ff400000|100%| O|  |TAMS 0x00000000ff400000| PB 0x00000000ff400000| Updating 
|2036|0x00000000ff400000, 0x00000000ff500000, 0x00000000ff500000|100%| O|  |TAMS 0x00000000ff500000| PB 0x00000000ff500000| Updating 
|2037|0x00000000ff500000, 0x00000000ff600000, 0x00000000ff600000|100%| E|CS|TAMS 0x00000000ff500000| PB 0x00000000ff500000| Complete 
|2038|0x00000000ff600000, 0x00000000ff700000, 0x00000000ff700000|100%| E|CS|TAMS 0x00000000ff600000| PB 0x00000000ff600000| Complete 
|2039|0x00000000ff700000, 0x00000000ff800000, 0x00000000ff800000|100%| E|CS|TAMS 0x00000000ff700000| PB 0x00000000ff700000| Complete 
|2040|0x00000000ff800000, 0x00000000ff900000, 0x00000000ff900000|100%| O|  |TAMS 0x00000000ff900000| PB 0x00000000ff900000| Untracked 
|2041|0x00000000ff900000, 0x00000000ffa00000, 0x00000000ffa00000|100%| O|  |TAMS 0x00000000ffa00000| PB 0x00000000ffa00000| Untracked 
|2042|0x00000000ffa00000, 0x00000000ffb00000, 0x00000000ffb00000|100%| O|  |TAMS 0x00000000ffb00000| PB 0x00000000ffb00000| Untracked 
|2043|0x00000000ffb00000, 0x00000000ffc00000, 0x00000000ffc00000|100%| O|  |TAMS 0x00000000ffc00000| PB 0x00000000ffc00000| Untracked 
|2044|0x00000000ffc00000, 0x00000000ffd00000, 0x00000000ffd00000|100%| O|  |TAMS 0x00000000ffd00000| PB 0x00000000ffd00000| Untracked 
|2045|0x00000000ffd00000, 0x00000000ffe00000, 0x00000000ffe00000|100%| O|  |TAMS 0x00000000ffe00000| PB 0x00000000ffe00000| Untracked 
|2046|0x00000000ffe00000, 0x00000000fff00000, 0x00000000fff00000|100%| O|  |TAMS 0x00000000fff00000| PB 0x00000000fff00000| Untracked 
|2047|0x00000000fff00000, 0x0000000100000000, 0x0000000100000000|100%| O|  |TAMS 0x0000000100000000| PB 0x0000000100000000| Updating 

Card table byte_map: [0x0000024669220000,0x0000024669620000] _byte_map_base: 0x0000024668e20000

Marking Bits: (CMBitMap*) 0x00000246567d4e70
 Bits: [0x0000024669620000, 0x000002466b620000)

Polling page: 0x0000024654520000

Metaspace:

Usage:
  Non-class:    112.85 MB used.
      Class:     17.91 MB used.
       Both:    130.76 MB used.

Virtual space:
  Non-class space:      128.00 MB reserved,     113.94 MB ( 89%) committed,  2 nodes.
      Class space:        1.00 GB reserved,      19.06 MB (  2%) committed,  1 nodes.
             Both:        1.12 GB reserved,     133.00 MB ( 12%) committed. 

Chunk freelists:
   Non-Class:  13.43 MB
       Class:  12.87 MB
        Both:  26.29 MB

MaxMetaspaceSize: unlimited
CompressedClassSpaceSize: 1.00 GB
Initial GC threshold: 21.00 MB
Current GC threshold: 216.06 MB
CDS: off
 - commit_granule_bytes: 65536.
 - commit_granule_words: 8192.
 - virtual_space_node_default_size: 8388608.
 - enlarge_chunks_in_place: 1.
 - use_allocation_guard: 0.


Internal statistics:

num_allocs_failed_limit: 9.
num_arena_births: 4322.
num_arena_deaths: 20.
num_vsnodes_births: 3.
num_vsnodes_deaths: 0.
num_space_committed: 2127.
num_space_uncommitted: 0.
num_chunks_returned_to_freelist: 38.
num_chunks_taken_from_freelist: 9848.
num_chunk_merges: 21.
num_chunk_splits: 6456.
num_chunks_enlarged: 4151.
num_inconsistent_stats: 0.

CodeHeap 'non-profiled nmethods': size=120000Kb used=7367Kb max_used=7710Kb free=112632Kb
 bounds [0x00000246613a0000, 0x0000024661b40000, 0x00000246688d0000]
CodeHeap 'profiled nmethods': size=120000Kb used=24873Kb max_used=25552Kb free=95126Kb
 bounds [0x00000246598d0000, 0x000002465b1f0000, 0x0000024660e00000]
CodeHeap 'non-nmethods': size=5760Kb used=2221Kb max_used=2258Kb free=3538Kb
 bounds [0x0000024660e00000, 0x0000024661070000, 0x00000246613a0000]
 total_blobs=14357 nmethods=13427 adapters=834
 compilation: enabled
              stopped_count=0, restarted_count=0
 full_count=0

Compilation events (20 events):
Event: 22.590 Thread 0x000002466e4a24e0 16576       2       com.android.tools.r8.graph.y::b (8 bytes)
Event: 22.590 Thread 0x000002466e4a24e0 nmethod 16576 0x000002465a47be90 code [0x000002465a47c020, 0x000002465a47c130]
Event: 22.609 Thread 0x000002466e4a24e0 16577       3       com.android.tools.r8.internal.p30::next (13 bytes)
Event: 22.609 Thread 0x000002466e4a24e0 nmethod 16577 0x000002465a63ed90 code [0x000002465a63ef40, 0x000002465a63f0b8]
Event: 22.609 Thread 0x000002466e4a24e0 16578       3       com.android.tools.r8.graph.P4$$Lambda/0x00000001012c9248::test (12 bytes)
Event: 22.610 Thread 0x000002466e4a24e0 nmethod 16578 0x000002465af38410 code [0x000002465af385e0, 0x000002465af38878]
Event: 22.655 Thread 0x000002466e4a24e0 16583       3       com.android.tools.r8.internal.he::a (18 bytes)
Event: 22.655 Thread 0x000002466e4a24e0 nmethod 16583 0x000002465a63e890 code [0x000002465a63ea40, 0x000002465a63ebd8]
Event: 22.655 Thread 0x000002466e4a24e0 16584       2       com.android.tools.r8.internal.o10::k (2 bytes)
Event: 22.655 Thread 0x000002466e4a24e0 nmethod 16584 0x000002465aec3f90 code [0x000002465aec4120, 0x000002465aec4228]
Event: 22.661 Thread 0x000002466e4a24e0 16585       3       com.android.tools.r8.internal.W8::a (430 bytes)
Event: 22.662 Thread 0x000002466e4a24e0 nmethod 16585 0x000002465af5de90 code [0x000002465af5e2a0, 0x000002465af5f688]
Event: 22.662 Thread 0x000002466e4a24e0 16586       2       com.android.tools.r8.internal.df0::a (31 bytes)
Event: 22.662 Thread 0x000002466e4a24e0 nmethod 16586 0x000002465af37d90 code [0x000002465af37f60, 0x000002465af38298]
Event: 22.664 Thread 0x000002466e4a24e0 16587       3       com.android.tools.r8.internal.FX::a (17 bytes)
Event: 22.664 Thread 0x000002466e4a24e0 nmethod 16587 0x000002465af37910 code [0x000002465af37ac0, 0x000002465af37ce8]
Event: 22.673 Thread 0x000002466e4a24e0 16590       2       com.android.tools.r8.graph.t4::a (67 bytes)
Event: 22.675 Thread 0x000002466e4a24e0 nmethod 16590 0x000002465a586190 code [0x000002465a5863c0, 0x000002465a586a40]
Event: 22.675 Thread 0x000002466e4a24e0 16591       2       com.android.tools.r8.internal.Eb::<init> (80 bytes)
Event: 22.675 Thread 0x000002466e4a24e0 nmethod 16591 0x000002465af37410 code [0x000002465af375c0, 0x000002465af37830]

GC Heap History (20 events):
Event: 21.082 GC heap before
{Heap before GC invocations=52 (full 0):
 garbage-first heap   total 239616K, used 219706K [0x0000000080000000, 0x0000000100000000)
  region size 1024K, 105 young (107520K), 5 survivors (5120K)
 Metaspace       used 123863K, committed 126080K, reserved 1179648K
  class space    used 16867K, committed 17984K, reserved 1048576K
}
Event: 21.086 GC heap after
{Heap after GC invocations=53 (full 0):
 garbage-first heap   total 239616K, used 126968K [0x0000000080000000, 0x0000000100000000)
  region size 1024K, 14 young (14336K), 14 survivors (14336K)
 Metaspace       used 123863K, committed 126080K, reserved 1179648K
  class space    used 16867K, committed 17984K, reserved 1048576K
}
Event: 21.277 GC heap before
{Heap before GC invocations=53 (full 0):
 garbage-first heap   total 239616K, used 209912K [0x0000000080000000, 0x0000000100000000)
  region size 1024K, 96 young (98304K), 14 survivors (14336K)
 Metaspace       used 124936K, committed 127168K, reserved 1179648K
  class space    used 17008K, committed 18176K, reserved 1048576K
}
Event: 21.283 GC heap after
{Heap after GC invocations=54 (full 0):
 garbage-first heap   total 241664K, used 142845K [0x0000000080000000, 0x0000000100000000)
  region size 1024K, 12 young (12288K), 12 survivors (12288K)
 Metaspace       used 124936K, committed 127168K, reserved 1179648K
  class space    used 17008K, committed 18176K, reserved 1048576K
}
Event: 21.641 GC heap before
{Heap before GC invocations=55 (full 0):
 garbage-first heap   total 241664K, used 214525K [0x0000000080000000, 0x0000000100000000)
  region size 1024K, 83 young (84992K), 12 survivors (12288K)
 Metaspace       used 127143K, committed 129408K, reserved 1179648K
  class space    used 17400K, committed 18560K, reserved 1048576K
}
Event: 21.646 GC heap after
{Heap after GC invocations=56 (full 0):
 garbage-first heap   total 242688K, used 157575K [0x0000000080000000, 0x0000000100000000)
  region size 1024K, 11 young (11264K), 11 survivors (11264K)
 Metaspace       used 127143K, committed 129408K, reserved 1179648K
  class space    used 17400K, committed 18560K, reserved 1048576K
}
Event: 21.861 GC heap before
{Heap before GC invocations=56 (full 0):
 garbage-first heap   total 242688K, used 216967K [0x0000000080000000, 0x0000000100000000)
  region size 1024K, 70 young (71680K), 11 survivors (11264K)
 Metaspace       used 128677K, committed 130944K, reserved 1179648K
  class space    used 17599K, committed 18752K, reserved 1048576K
}
Event: 21.869 GC heap after
{Heap after GC invocations=57 (full 0):
 garbage-first heap   total 243712K, used 167664K [0x0000000080000000, 0x0000000100000000)
  region size 1024K, 9 young (9216K), 9 survivors (9216K)
 Metaspace       used 128677K, committed 130944K, reserved 1179648K
  class space    used 17599K, committed 18752K, reserved 1048576K
}
Event: 22.008 GC heap before
{Heap before GC invocations=57 (full 0):
 garbage-first heap   total 243712K, used 219888K [0x0000000080000000, 0x0000000100000000)
  region size 1024K, 61 young (62464K), 9 survivors (9216K)
 Metaspace       used 129894K, committed 132160K, reserved 1179648K
  class space    used 17797K, committed 18944K, reserved 1048576K
}
Event: 22.019 GC heap after
{Heap after GC invocations=58 (full 0):
 garbage-first heap   total 243712K, used 177971K [0x0000000080000000, 0x0000000100000000)
  region size 1024K, 8 young (8192K), 8 survivors (8192K)
 Metaspace       used 129894K, committed 132160K, reserved 1179648K
  class space    used 17797K, committed 18944K, reserved 1048576K
}
Event: 22.073 GC heap before
{Heap before GC invocations=58 (full 0):
 garbage-first heap   total 243712K, used 222003K [0x0000000080000000, 0x0000000100000000)
  region size 1024K, 51 young (52224K), 8 survivors (8192K)
 Metaspace       used 130402K, committed 132608K, reserved 1179648K
  class space    used 17888K, committed 19008K, reserved 1048576K
}
Event: 22.082 GC heap after
{Heap after GC invocations=59 (full 0):
 garbage-first heap   total 302080K, used 186368K [0x0000000080000000, 0x0000000100000000)
  region size 1024K, 7 young (7168K), 7 survivors (7168K)
 Metaspace       used 130402K, committed 132608K, reserved 1179648K
  class space    used 17888K, committed 19008K, reserved 1048576K
}
Event: 22.245 GC heap before
{Heap before GC invocations=60 (full 0):
 garbage-first heap   total 311296K, used 265216K [0x0000000080000000, 0x0000000100000000)
  region size 1024K, 85 young (87040K), 7 survivors (7168K)
 Metaspace       used 131371K, committed 133632K, reserved 1179648K
  class space    used 18030K, committed 19200K, reserved 1048576K
}
Event: 22.258 GC heap after
{Heap after GC invocations=61 (full 0):
 garbage-first heap   total 311296K, used 200043K [0x0000000080000000, 0x0000000100000000)
  region size 1024K, 11 young (11264K), 11 survivors (11264K)
 Metaspace       used 131371K, committed 133632K, reserved 1179648K
  class space    used 18030K, committed 19200K, reserved 1048576K
}
Event: 22.431 GC heap before
{Heap before GC invocations=61 (full 0):
 garbage-first heap   total 311296K, used 276843K [0x0000000080000000, 0x0000000100000000)
  region size 1024K, 86 young (88064K), 11 survivors (11264K)
 Metaspace       used 132888K, committed 135104K, reserved 1179648K
  class space    used 18258K, committed 19392K, reserved 1048576K
}
Event: 22.445 GC heap after
{Heap after GC invocations=62 (full 0):
 garbage-first heap   total 311296K, used 212672K [0x0000000080000000, 0x0000000100000000)
  region size 1024K, 11 young (11264K), 11 survivors (11264K)
 Metaspace       used 132888K, committed 135104K, reserved 1179648K
  class space    used 18258K, committed 19392K, reserved 1048576K
}
Event: 22.531 GC heap before
{Heap before GC invocations=62 (full 0):
 garbage-first heap   total 311296K, used 280256K [0x0000000080000000, 0x0000000100000000)
  region size 1024K, 77 young (78848K), 11 survivors (11264K)
 Metaspace       used 133273K, committed 135552K, reserved 1179648K
  class space    used 18300K, committed 19456K, reserved 1048576K
}
Event: 22.544 GC heap after
{Heap after GC invocations=63 (full 0):
 garbage-first heap   total 311296K, used 226586K [0x0000000080000000, 0x0000000100000000)
  region size 1024K, 10 young (10240K), 10 survivors (10240K)
 Metaspace       used 133273K, committed 135552K, reserved 1179648K
  class space    used 18300K, committed 19456K, reserved 1048576K
}
Event: 22.637 GC heap before
{Heap before GC invocations=63 (full 0):
 garbage-first heap   total 311296K, used 282906K [0x0000000080000000, 0x0000000100000000)
  region size 1024K, 66 young (67584K), 10 survivors (10240K)
 Metaspace       used 133656K, committed 135872K, reserved 1179648K
  class space    used 18342K, committed 19456K, reserved 1048576K
}
Event: 22.646 GC heap after
{Heap after GC invocations=64 (full 0):
 garbage-first heap   total 311296K, used 238592K [0x0000000080000000, 0x0000000100000000)
  region size 1024K, 9 young (9216K), 9 survivors (9216K)
 Metaspace       used 133656K, committed 135872K, reserved 1179648K
  class space    used 18342K, committed 19456K, reserved 1048576K
}

Dll operation events (3 events):
Event: 0.009 Loaded shared library C:\Program Files\Android\Android Studio\jbr\bin\java.dll
Event: 0.013 Loaded shared library C:\Program Files\Android\Android Studio\jbr\bin\zip.dll
Event: 0.425 Loaded shared library C:\Program Files\Android\Android Studio\jbr\bin\verify.dll

Deoptimization events (20 events):
Event: 22.208 Thread 0x0000024676fa44e0 DEOPT PACKING pc=0x000002465b1134c4 sp=0x000000c3bedfa430
Event: 22.208 Thread 0x0000024676fa44e0 DEOPT UNPACKING pc=0x0000024660e54e42 sp=0x000000c3bedf9ce8 mode 0
Event: 22.210 Thread 0x0000024676fa5890 Uncommon trap: trap_request=0xffffff45 fr.pc=0x000002466153ca9c relative=0x0000000000002bfc
Event: 22.210 Thread 0x0000024676fa1d80 Uncommon trap: trap_request=0xffffff45 fr.pc=0x000002466153ca9c relative=0x0000000000002bfc
Event: 22.210 Thread 0x0000024676fa5890 Uncommon trap: reason=unstable_if action=reinterpret pc=0x000002466153ca9c method=com.android.tools.r8.internal.Wd.a(Lcom/android/tools/r8/internal/Q2;ILjava/lang/String;[C)I @ 1 c2
Event: 22.210 Thread 0x0000024676fa1d80 Uncommon trap: reason=unstable_if action=reinterpret pc=0x000002466153ca9c method=com.android.tools.r8.internal.Wd.a(Lcom/android/tools/r8/internal/Q2;ILjava/lang/String;[C)I @ 1 c2
Event: 22.210 Thread 0x00000246760e5ae0 Uncommon trap: trap_request=0xffffff45 fr.pc=0x000002466153ca9c relative=0x0000000000002bfc
Event: 22.210 Thread 0x0000024676fa5890 DEOPT PACKING pc=0x000002466153ca9c sp=0x000000c3bf7f9ea0
Event: 22.210 Thread 0x0000024676fa1d80 DEOPT PACKING pc=0x000002466153ca9c sp=0x000000c3bf2fa2e0
Event: 22.210 Thread 0x00000246760e5ae0 Uncommon trap: reason=unstable_if action=reinterpret pc=0x000002466153ca9c method=com.android.tools.r8.internal.Wd.a(Lcom/android/tools/r8/internal/Q2;ILjava/lang/String;[C)I @ 1 c2
Event: 22.210 Thread 0x00000246760e5ae0 DEOPT PACKING pc=0x000002466153ca9c sp=0x000000c3be8fa2e0
Event: 22.210 Thread 0x0000024676fa5890 DEOPT UNPACKING pc=0x0000024660e546a2 sp=0x000000c3bf7f9e80 mode 2
Event: 22.210 Thread 0x0000024676fa1d80 DEOPT UNPACKING pc=0x0000024660e546a2 sp=0x000000c3bf2fa2c0 mode 2
Event: 22.210 Thread 0x00000246760e5ae0 DEOPT UNPACKING pc=0x0000024660e546a2 sp=0x000000c3be8fa2c0 mode 2
Event: 22.304 Thread 0x0000024676fa44e0 DEOPT PACKING pc=0x000002465b1b72e4 sp=0x000000c3bedfa430
Event: 22.304 Thread 0x0000024676fa44e0 DEOPT UNPACKING pc=0x0000024660e54e42 sp=0x000000c3bedf9ce8 mode 0
Event: 22.304 Thread 0x0000024676fa37c0 DEOPT PACKING pc=0x000002465b1b72e4 sp=0x000000c3beafa1c0
Event: 22.304 Thread 0x0000024676fa37c0 DEOPT UNPACKING pc=0x0000024660e54e42 sp=0x000000c3beaf9a78 mode 0
Event: 22.569 Thread 0x0000024673b633e0 DEOPT PACKING pc=0x000002465a682f32 sp=0x000000c3c0cf6a70
Event: 22.569 Thread 0x0000024673b633e0 DEOPT UNPACKING pc=0x0000024660e54e42 sp=0x000000c3c0cf5f28 mode 0

Classes loaded (20 events):
Event: 20.999 Loading class java/lang/ProcessImpl$2
Event: 21.000 Loading class java/lang/ProcessImpl$2 done
Event: 21.000 Loading class java/lang/Process$PipeInputStream
Event: 21.000 Loading class java/lang/Process$PipeInputStream done
Event: 21.004 Loading class jdk/internal/event/ProcessStartEvent
Event: 21.004 Loading class jdk/internal/event/ProcessStartEvent done
Event: 21.177 Loading class java/io/UTFDataFormatException
Event: 21.177 Loading class java/io/UTFDataFormatException done
Event: 21.372 Loading class java/util/concurrent/RejectedExecutionException
Event: 21.373 Loading class java/util/concurrent/RejectedExecutionException done
Event: 21.775 Loading class java/util/concurrent/ConcurrentLinkedQueue$Itr
Event: 21.777 Loading class java/util/concurrent/ConcurrentLinkedQueue$Itr done
Event: 21.967 Loading class java/nio/file/FileChannelLinesSpliterator
Event: 21.967 Loading class java/nio/file/FileChannelLinesSpliterator done
Event: 21.968 Loading class java/util/stream/Streams$1
Event: 21.968 Loading class java/util/stream/Streams$1 done
Event: 21.983 Loading class java/nio/file/FileChannelLinesSpliterator$1
Event: 21.983 Loading class java/nio/file/FileChannelLinesSpliterator$1 done
Event: 21.983 Loading class java/io/FileReader
Event: 21.985 Loading class java/io/FileReader done

Classes unloaded (10 events):
Event: 22.683 Thread 0x000002466e2c1110 Unloading class 0x00000001012c5400 'java/lang/invoke/LambdaForm$DMH+0x00000001012c5400'
Event: 22.683 Thread 0x000002466e2c1110 Unloading class 0x00000001012c5000 'java/lang/invoke/LambdaForm$DMH+0x00000001012c5000'
Event: 22.683 Thread 0x000002466e2c1110 Unloading class 0x00000001012c4c00 'java/lang/invoke/LambdaForm$DMH+0x00000001012c4c00'
Event: 22.683 Thread 0x000002466e2c1110 Unloading class 0x00000001012c4800 'java/lang/invoke/LambdaForm$DMH+0x00000001012c4800'
Event: 22.683 Thread 0x000002466e2c1110 Unloading class 0x00000001012c4400 'java/lang/invoke/LambdaForm$DMH+0x00000001012c4400'
Event: 22.683 Thread 0x000002466e2c1110 Unloading class 0x0000000101239400 'java/lang/invoke/LambdaForm$DMH+0x0000000101239400'
Event: 22.683 Thread 0x000002466e2c1110 Unloading class 0x0000000101238c00 'java/lang/invoke/LambdaForm$DMH+0x0000000101238c00'
Event: 22.683 Thread 0x000002466e2c1110 Unloading class 0x0000000101238800 'java/lang/invoke/LambdaForm$DMH+0x0000000101238800'
Event: 22.683 Thread 0x000002466e2c1110 Unloading class 0x0000000101238400 'java/lang/invoke/LambdaForm$DMH+0x0000000101238400'
Event: 22.683 Thread 0x000002466e2c1110 Unloading class 0x0000000101239000 'java/lang/invoke/LambdaForm$DMH+0x0000000101239000'

Classes redefined (0 events):
No events

Internal exceptions (20 events):
Event: 21.625 Thread 0x0000024673b633e0 Exception <a 'java/lang/IncompatibleClassChangeError'{0x0000000089b5a6c0}: Found class java.lang.Object, but interface was expected> (0x0000000089b5a6c0) 
thrown [s\src\hotspot\share\interpreter\linkResolver.cpp, line 851]
Event: 21.625 Thread 0x0000024676fa37c0 Exception <a 'java/lang/IncompatibleClassChangeError'{0x0000000089d13520}: Found class java.lang.Object, but interface was expected> (0x0000000089d13520) 
thrown [s\src\hotspot\share\interpreter\linkResolver.cpp, line 851]
Event: 21.625 Thread 0x0000024676fa1060 Exception <a 'java/lang/IncompatibleClassChangeError'{0x000000008a8a17c0}: Found class java.lang.Object, but interface was expected> (0x000000008a8a17c0) 
thrown [s\src\hotspot\share\interpreter\linkResolver.cpp, line 851]
Event: 21.625 Thread 0x0000024676fa44e0 Exception <a 'java/lang/IncompatibleClassChangeError'{0x000000008a17e238}: Found class java.lang.Object, but interface was expected> (0x000000008a17e238) 
thrown [s\src\hotspot\share\interpreter\linkResolver.cpp, line 851]
Event: 21.939 Thread 0x000002467de75160 Implicit null exception at 0x000002466173ae0b to 0x000002466173aecc
Event: 22.133 Thread 0x000002467de69310 Exception <a 'sun/nio/fs/WindowsException'{0x00000000917ffb00}> (0x00000000917ffb00) 
thrown [s\src\hotspot\share\prims\jni.cpp, line 535]
Event: 22.133 Thread 0x000002467de69310 Exception <a 'sun/nio/fs/WindowsException'{0x00000000917ffcc0}> (0x00000000917ffcc0) 
thrown [s\src\hotspot\share\prims\jni.cpp, line 535]
Event: 22.189 Thread 0x0000024676fa5890 Exception <a 'java/lang/IncompatibleClassChangeError'{0x000000008ece98d8}: Found class java.lang.Object, but interface was expected> (0x000000008ece98d8) 
thrown [s\src\hotspot\share\interpreter\linkResolver.cpp, line 851]
Event: 22.189 Thread 0x00000246760e5ae0 Exception <a 'java/lang/IncompatibleClassChangeError'{0x000000008effcc78}: Found class java.lang.Object, but interface was expected> (0x000000008effcc78) 
thrown [s\src\hotspot\share\interpreter\linkResolver.cpp, line 851]
Event: 22.189 Thread 0x0000024676fa72d0 Exception <a 'java/lang/IncompatibleClassChangeError'{0x000000008eb4a320}: Found class java.lang.Object, but interface was expected> (0x000000008eb4a320) 
thrown [s\src\hotspot\share\interpreter\linkResolver.cpp, line 851]
Event: 22.189 Thread 0x0000024676fa16f0 Exception <a 'java/lang/IncompatibleClassChangeError'{0x000000008ee4d230}: Found class java.lang.Object, but interface was expected> (0x000000008ee4d230) 
thrown [s\src\hotspot\share\interpreter\linkResolver.cpp, line 851]
Event: 22.190 Thread 0x0000024676fa5890 Exception <a 'java/lang/NoSuchMethodError'{0x000000008eb70b98}: 'void java.lang.invoke.DirectMethodHandle$Holder.invokeInterface(java.lang.Object, java.lang.Object, java.lang.Object, int)'> (0x000000008eb70b98) 
thrown [s\src\hotspot\share\interpreter\linkResolver.cpp, line 784]
Event: 22.190 Thread 0x0000024676fa6c40 Exception <a 'java/lang/NoSuchMethodError'{0x000000008eb873e8}: 'void java.lang.invoke.DirectMethodHandle$Holder.invokeInterface(java.lang.Object, java.lang.Object, java.lang.Object, int)'> (0x000000008eb873e8) 
thrown [s\src\hotspot\share\interpreter\linkResolver.cpp, line 784]
Event: 22.190 Thread 0x0000024676fa1d80 Exception <a 'java/lang/NoSuchMethodError'{0x000000008ec8e010}: 'void java.lang.invoke.DirectMethodHandle$Holder.invokeInterface(java.lang.Object, java.lang.Object, java.lang.Object, int)'> (0x000000008ec8e010) 
thrown [s\src\hotspot\share\interpreter\linkResolver.cpp, line 784]
Event: 22.190 Thread 0x0000024673b633e0 Exception <a 'java/lang/NoSuchMethodError'{0x000000008ec75168}: 'void java.lang.invoke.DirectMethodHandle$Holder.invokeInterface(java.lang.Object, java.lang.Object, java.lang.Object, int)'> (0x000000008ec75168) 
thrown [s\src\hotspot\share\interpreter\linkResolver.cpp, line 784]
Event: 22.190 Thread 0x00000246760e5ae0 Exception <a 'java/lang/NoSuchMethodError'{0x000000008eb79798}: 'void java.lang.invoke.DirectMethodHandle$Holder.invokeInterface(java.lang.Object, java.lang.Object, java.lang.Object, int)'> (0x000000008eb79798) 
thrown [s\src\hotspot\share\interpreter\linkResolver.cpp, line 784]
Event: 22.190 Thread 0x000002467806b4f0 Exception <a 'java/lang/NoSuchMethodError'{0x000000008ebf54e8}: 'void java.lang.invoke.DirectMethodHandle$Holder.invokeInterface(java.lang.Object, java.lang.Object, java.lang.Object, int)'> (0x000000008ebf54e8) 
thrown [s\src\hotspot\share\interpreter\linkResolver.cpp, line 784]
Event: 22.210 Thread 0x0000024676fa5890 Implicit null exception at 0x0000024661539ef7 to 0x000002466153ca7c
Event: 22.210 Thread 0x0000024676fa1d80 Implicit null exception at 0x0000024661539ef7 to 0x000002466153ca7c
Event: 22.210 Thread 0x00000246760e5ae0 Implicit null exception at 0x0000024661539ef7 to 0x000002466153ca7c

ZGC Phase Switch (0 events):
No events

VM Operations (20 events):
Event: 22.304 Executing VM operation: HandshakeAllThreads (Deoptimize) done
Event: 22.344 Executing VM operation: HandshakeAllThreads (Deoptimize)
Event: 22.344 Executing VM operation: HandshakeAllThreads (Deoptimize) done
Event: 22.347 Executing VM operation: HandshakeAllThreads (Deoptimize)
Event: 22.348 Executing VM operation: HandshakeAllThreads (Deoptimize) done
Event: 22.349 Executing VM operation: HandshakeAllThreads (Deoptimize)
Event: 22.350 Executing VM operation: HandshakeAllThreads (Deoptimize) done
Event: 22.361 Executing VM operation: HandshakeAllThreads (Deoptimize)
Event: 22.361 Executing VM operation: HandshakeAllThreads (Deoptimize) done
Event: 22.364 Executing VM operation: HandshakeAllThreads (Deoptimize)
Event: 22.364 Executing VM operation: HandshakeAllThreads (Deoptimize) done
Event: 22.431 Executing VM operation: G1CollectForAllocation (G1 Evacuation Pause)
Event: 22.445 Executing VM operation: G1CollectForAllocation (G1 Evacuation Pause) done
Event: 22.467 Executing VM operation: HandshakeAllThreads (Deoptimize)
Event: 22.470 Executing VM operation: HandshakeAllThreads (Deoptimize) done
Event: 22.530 Executing VM operation: G1CollectForAllocation (G1 Evacuation Pause)
Event: 22.544 Executing VM operation: G1CollectForAllocation (G1 Evacuation Pause) done
Event: 22.636 Executing VM operation: G1CollectForAllocation (G1 Evacuation Pause)
Event: 22.646 Executing VM operation: G1CollectForAllocation (G1 Evacuation Pause) done
Event: 22.678 Executing VM operation: G1PauseRemark

Memory protections (0 events):
No events

Nmethod flushes (20 events):
Event: 22.725 Thread 0x000002466e2c1110 flushing  nmethod 0x000002465aebf610
Event: 22.725 Thread 0x000002466e2c1110 flushing  nmethod 0x000002465b046b10
Event: 22.725 Thread 0x000002466e2c1110 flushing  nmethod 0x000002465b047d90
Event: 22.725 Thread 0x000002466e2c1110 flushing  nmethod 0x000002465b098690
Event: 22.725 Thread 0x000002466e2c1110 flushing  nmethod 0x000002465b098a10
Event: 22.725 Thread 0x000002466e2c1110 flushing  nmethod 0x000002466184c890
Event: 22.725 Thread 0x000002466e2c1110 flushing  nmethod 0x00000246599a4490
Event: 22.725 Thread 0x000002466e2c1110 flushing  nmethod 0x0000024659b0b090
Event: 22.725 Thread 0x000002466e2c1110 flushing  nmethod 0x000002465ab20890
Event: 22.725 Thread 0x000002466e2c1110 flushing  nmethod 0x000002465b013210
Event: 22.725 Thread 0x000002466e2c1110 flushing  nmethod 0x000002465b013a10
Event: 22.725 Thread 0x000002466e2c1110 flushing  nmethod 0x000002465b01b510
Event: 22.725 Thread 0x000002466e2c1110 flushing  nmethod 0x000002465b094290
Event: 22.725 Thread 0x000002466e2c1110 flushing  nmethod 0x000002466173ac10
Event: 22.725 Thread 0x000002466e2c1110 flushing  nmethod 0x000002466182d110
Event: 22.725 Thread 0x000002466e2c1110 flushing  nmethod 0x0000024661943710
Event: 22.725 Thread 0x000002466e2c1110 flushing  nmethod 0x0000024659a51090
Event: 22.725 Thread 0x000002466e2c1110 flushing  nmethod 0x000002465a490e10
Event: 22.725 Thread 0x000002466e2c1110 flushing  nmethod 0x000002465aaab790
Event: 22.725 Thread 0x000002466e2c1110 flushing osr nmethod 0x000002465b0d6f10

Events (20 events):
Event: 20.345 Thread 0x0000024673b62030 Thread added: 0x000002467de6d4b0
Event: 20.345 Thread 0x0000024673b62030 Thread added: 0x000002467de6ce20
Event: 20.345 Thread 0x0000024673b62030 Thread added: 0x000002467de6ba70
Event: 20.345 Thread 0x0000024673b62030 Thread added: 0x000002467de6c790
Event: 20.345 Thread 0x0000024673b62030 Thread added: 0x000002467de6db40
Event: 20.346 Thread 0x0000024673b62030 Thread added: 0x000002467de6e1d0
Event: 20.347 Thread 0x0000024673b62030 Thread added: 0x000002467de6c100
Event: 20.347 Thread 0x0000024673b62030 Thread added: 0x000002467de6ad50
Event: 20.348 Thread 0x0000024673b62030 Thread added: 0x000002467de6eef0
Event: 20.710 Thread 0x0000024673b64100 Thread added: 0x000002467de6f580
Event: 20.722 Thread 0x0000024673b64100 Thread added: 0x000002467de6fc10
Event: 20.723 Thread 0x0000024673b64100 Thread added: 0x000002467de702a0
Event: 20.723 Thread 0x0000024673b64100 Thread added: 0x000002467de70fc0
Event: 20.723 Thread 0x0000024673b64100 Thread added: 0x000002467de71ce0
Event: 20.723 Thread 0x0000024673b64100 Thread added: 0x000002467de71650
Event: 20.723 Thread 0x0000024673b64100 Thread added: 0x000002467de70930
Event: 20.841 Thread 0x0000024673b64100 Thread added: 0x000002467de6e860
Event: 20.979 Thread 0x000002467de69310 Thread added: 0x000002467de75e80
Event: 21.008 Thread 0x000002467de69310 Thread added: 0x000002467de75160
Event: 21.008 Thread 0x000002467de69310 Thread added: 0x000002467de757f0


Dynamic libraries:
0x00007ff7bcae0000 - 0x00007ff7bcaea000 	C:\Program Files\Android\Android Studio\jbr\bin\java.exe
0x00007ff907aa0000 - 0x00007ff907d06000 	C:\WINDOWS\SYSTEM32\ntdll.dll
0x00007ff9063c0000 - 0x00007ff906489000 	C:\WINDOWS\System32\KERNEL32.DLL
0x00007ff904d70000 - 0x00007ff90516f000 	C:\WINDOWS\System32\KERNELBASE.dll
0x00007ff9053a0000 - 0x00007ff9054ec000 	C:\WINDOWS\System32\ucrtbase.dll
0x00007ff8d45d0000 - 0x00007ff8d45eb000 	C:\Program Files\Android\Android Studio\jbr\bin\VCRUNTIME140.dll
0x00007ff8ca640000 - 0x00007ff8ca658000 	C:\Program Files\Android\Android Studio\jbr\bin\jli.dll
0x00007ff906c50000 - 0x00007ff906e16000 	C:\WINDOWS\System32\USER32.dll
0x00007ff905370000 - 0x00007ff905397000 	C:\WINDOWS\System32\win32u.dll
0x00007ff8eeda0000 - 0x00007ff8ef031000 	C:\WINDOWS\WinSxS\amd64_microsoft.windows.common-controls_6595b64144ccf1df_6.0.26100.8972_none_3e0da176e32f9d4b\COMCTL32.dll
0x00007ff9071f0000 - 0x00007ff90721b000 	C:\WINDOWS\System32\GDI32.dll
0x00007ff907590000 - 0x00007ff907639000 	C:\WINDOWS\System32\msvcrt.dll
0x00007ff905180000 - 0x00007ff9052a9000 	C:\WINDOWS\System32\gdi32full.dll
0x00007ff905500000 - 0x00007ff9055a3000 	C:\WINDOWS\System32\msvcp_win.dll
0x00007ff906920000 - 0x00007ff906952000 	C:\WINDOWS\System32\IMM32.DLL
0x00007ff8eb010000 - 0x00007ff8eb01c000 	C:\Program Files\Android\Android Studio\jbr\bin\vcruntime140_1.dll
0x00007ff8c2ca0000 - 0x00007ff8c2d2d000 	C:\Program Files\Android\Android Studio\jbr\bin\msvcp140.dll
0x00007ff842430000 - 0x00007ff8430bb000 	C:\Program Files\Android\Android Studio\jbr\bin\server\jvm.dll
0x00007ff9062f0000 - 0x00007ff9063ac000 	C:\WINDOWS\System32\ADVAPI32.dll
0x00007ff9079b0000 - 0x00007ff907a5a000 	C:\WINDOWS\System32\sechost.dll
0x00007ff907830000 - 0x00007ff907948000 	C:\WINDOWS\System32\RPCRT4.dll
0x00007ff906260000 - 0x00007ff9062e2000 	C:\WINDOWS\System32\WS2_32.dll
0x00007ff904b10000 - 0x00007ff904b6e000 	C:\WINDOWS\SYSTEM32\POWRPROF.dll
0x00007ff8fb660000 - 0x00007ff8fb696000 	C:\WINDOWS\SYSTEM32\WINMM.dll
0x00007ff8f1bd0000 - 0x00007ff8f1bdb000 	C:\WINDOWS\SYSTEM32\VERSION.dll
0x00007ff904af0000 - 0x00007ff904b05000 	C:\WINDOWS\SYSTEM32\UMPDC.dll
0x00007ff9039a0000 - 0x00007ff9039bb000 	C:\WINDOWS\SYSTEM32\kernel.appcore.dll
0x00007ff8e7eb0000 - 0x00007ff8e7eba000 	C:\Program Files\Android\Android Studio\jbr\bin\jimage.dll
0x00007ff901ff0000 - 0x00007ff902232000 	C:\WINDOWS\SYSTEM32\DBGHELP.DLL
0x00007ff906e60000 - 0x00007ff9071e5000 	C:\WINDOWS\System32\combase.dll
0x00007ff906a00000 - 0x00007ff906ad9000 	C:\WINDOWS\System32\OLEAUT32.dll
0x00007ff8ea190000 - 0x00007ff8ea1cb000 	C:\WINDOWS\SYSTEM32\dbgcore.DLL
0x00007ff904cb0000 - 0x00007ff904d5c000 	C:\WINDOWS\System32\bcryptPrimitives.dll
0x00007ff8cb340000 - 0x00007ff8cb34e000 	C:\Program Files\Android\Android Studio\jbr\bin\instrument.dll
0x00007ff8d2e90000 - 0x00007ff8d2eb0000 	C:\Program Files\Android\Android Studio\jbr\bin\java.dll
0x00007ff8d2a60000 - 0x00007ff8d2a78000 	C:\Program Files\Android\Android Studio\jbr\bin\zip.dll
0x00007ff905ad0000 - 0x00007ff906258000 	C:\WINDOWS\System32\SHELL32.dll
0x00007ff902730000 - 0x00007ff902fcb000 	C:\WINDOWS\SYSTEM32\windows.storage.dll
0x00007ff907490000 - 0x00007ff907589000 	C:\WINDOWS\System32\SHCORE.dll
0x00007ff9076d0000 - 0x00007ff907736000 	C:\WINDOWS\System32\shlwapi.dll
0x00007ff904bd0000 - 0x00007ff904bf9000 	C:\WINDOWS\SYSTEM32\profapi.dll
0x00007ff8e3e50000 - 0x00007ff8e3e60000 	C:\Program Files\Android\Android Studio\jbr\bin\net.dll
0x00007ff8fdd20000 - 0x00007ff8fde48000 	C:\WINDOWS\SYSTEM32\WINHTTP.dll
0x00007ff903f50000 - 0x00007ff903fbc000 	C:\WINDOWS\system32\mswsock.dll
0x00007ff8d2940000 - 0x00007ff8d2956000 	C:\Program Files\Android\Android Studio\jbr\bin\nio.dll
0x00007ff8d4630000 - 0x00007ff8d4640000 	C:\Program Files\Android\Android Studio\jbr\bin\verify.dll
0x00007ff8cb510000 - 0x00007ff8cb537000 	C:\Users\Richard Sanvie\.gradle\native\c067742578af261105cb4f569cf0c3c89f3d7b1fecec35dd04571415982c5e48\windows-amd64\native-platform.dll
0x00007ff891cc0000 - 0x00007ff891e04000 	C:\Users\Richard Sanvie\.gradle\native\100fb08df4bc3b14c8652ba06237920a3bd2aa13389f12d3474272988ae205f9\windows-amd64\native-platform-file-events.dll
0x00007ff8d7350000 - 0x00007ff8d7359000 	C:\Program Files\Android\Android Studio\jbr\bin\management.dll
0x00007ff8d5a10000 - 0x00007ff8d5a1b000 	C:\Program Files\Android\Android Studio\jbr\bin\management_ext.dll
0x00007ff907480000 - 0x00007ff907488000 	C:\WINDOWS\System32\PSAPI.DLL
0x00007ff904240000 - 0x00007ff90425b000 	C:\WINDOWS\SYSTEM32\CRYPTSP.dll
0x00007ff903900000 - 0x00007ff903939000 	C:\WINDOWS\system32\rsaenh.dll
0x00007ff904000000 - 0x00007ff904032000 	C:\WINDOWS\SYSTEM32\USERENV.dll
0x00007ff904ba0000 - 0x00007ff904bca000 	C:\WINDOWS\SYSTEM32\bcrypt.dll
0x00007ff904260000 - 0x00007ff90426c000 	C:\WINDOWS\SYSTEM32\CRYPTBASE.dll
0x00007ff903370000 - 0x00007ff9033a3000 	C:\WINDOWS\SYSTEM32\IPHLPAPI.DLL
0x00007ff906e50000 - 0x00007ff906e5a000 	C:\WINDOWS\System32\NSI.dll
0x00007ff8e3570000 - 0x00007ff8e3579000 	C:\Program Files\Android\Android Studio\jbr\bin\extnet.dll
0x00007ff8ddf60000 - 0x00007ff8ddf68000 	C:\WINDOWS\system32\wshunix.dll
0x00007ff903410000 - 0x00007ff903568000 	C:\WINDOWS\SYSTEM32\DNSAPI.dll
0x00007ff903d30000 - 0x00007ff903d3d000 	C:\WINDOWS\SYSTEM32\DSPARSE.dll
0x00007ff8faa90000 - 0x00007ff8faa9b000 	C:\Windows\System32\rasadhlp.dll
0x00007ff8fe230000 - 0x00007ff8fe2b6000 	C:\WINDOWS\System32\fwpuclnt.dll
0x00007ff8e10b0000 - 0x00007ff8e10c8000 	C:\WINDOWS\system32\napinsp.dll
0x00007ff8e04c0000 - 0x00007ff8e04d3000 	C:\WINDOWS\System32\winrnr.dll
0x00007ff8e0560000 - 0x00007ff8e0582000 	C:\WINDOWS\system32\nlansp_c.dll
0x00007ff8fa1a0000 - 0x00007ff8fa1b6000 	C:\WINDOWS\system32\wshbth.dll

dbghelp: loaded successfully - version: 4.0.5 - missing functions: none
symbol engine: initialized successfully - sym options: 0x614 - pdb path: .;C:\Program Files\Android\Android Studio\jbr\bin;C:\WINDOWS\SYSTEM32;C:\WINDOWS\WinSxS\amd64_microsoft.windows.common-controls_6595b64144ccf1df_6.0.26100.8972_none_3e0da176e32f9d4b;C:\Program Files\Android\Android Studio\jbr\bin\server;C:\Users\Richard Sanvie\.gradle\native\c067742578af261105cb4f569cf0c3c89f3d7b1fecec35dd04571415982c5e48\windows-amd64;C:\Users\Richard Sanvie\.gradle\native\100fb08df4bc3b14c8652ba06237920a3bd2aa13389f12d3474272988ae205f9\windows-amd64

VM Arguments:
jvm_args: --add-opens=java.base/java.lang=ALL-UNNAMED --add-opens=java.base/java.lang.invoke=ALL-UNNAMED --add-opens=java.base/java.util=ALL-UNNAMED --add-opens=java.prefs/java.util.prefs=ALL-UNNAMED --add-exports=jdk.compiler/com.sun.tools.javac.api=ALL-UNNAMED --add-exports=jdk.compiler/com.sun.tools.javac.util=ALL-UNNAMED --add-opens=java.base/java.util=ALL-UNNAMED --add-opens=java.prefs/java.util.prefs=ALL-UNNAMED --add-opens=java.base/java.nio.charset=ALL-UNNAMED --add-opens=java.base/java.net=ALL-UNNAMED --add-opens=java.base/java.util.concurrent.atomic=ALL-UNNAMED --add-opens=java.xml/javax.xml.namespace=ALL-UNNAMED -Xmx2048m -Dfile.encoding=UTF-8 -Duser.country=BR -Duser.language=pt -Duser.variant -javaagent:C:\Users\Richard Sanvie\.gradle\wrapper\dists\gradle-8.11.1-bin\bpt9gzteqjrbo1mjrsomdt32c\gradle-8.11.1\lib\agents\gradle-instrumentation-agent-8.11.1.jar 
java_command: org.gradle.launcher.daemon.bootstrap.GradleDaemon 8.11.1
java_class_path (initial): C:\Users\Richard Sanvie\.gradle\wrapper\dists\gradle-8.11.1-bin\bpt9gzteqjrbo1mjrsomdt32c\gradle-8.11.1\lib\gradle-daemon-main-8.11.1.jar
Launcher Type: SUN_STANDARD

[Global flags]
     intx CICompilerCount                          = 4                                         {product} {ergonomic}
     uint ConcGCThreads                            = 3                                         {product} {ergonomic}
     uint G1ConcRefinementThreads                  = 10                                        {product} {ergonomic}
   size_t G1HeapRegionSize                         = 1048576                                   {product} {ergonomic}
    uintx GCDrainStackTargetSize                   = 64                                        {product} {ergonomic}
   size_t InitialHeapSize                          = 130023424                                 {product} {ergonomic}
   size_t MarkStackSize                            = 4194304                                   {product} {ergonomic}
   size_t MaxHeapSize                              = 2147483648                                {product} {command line}
   size_t MaxNewSize                               = 1287651328                                {product} {ergonomic}
   size_t MinHeapDeltaBytes                        = 1048576                                   {product} {ergonomic}
   size_t MinHeapSize                              = 8388608                                   {product} {ergonomic}
    uintx NonNMethodCodeHeapSize                   = 5839372                                {pd product} {ergonomic}
    uintx NonProfiledCodeHeapSize                  = 122909434                              {pd product} {ergonomic}
    uintx ProfiledCodeHeapSize                     = 122909434                              {pd product} {ergonomic}
    uintx ReservedCodeCacheSize                    = 251658240                              {pd product} {ergonomic}
     bool SegmentedCodeCache                       = true                                      {product} {ergonomic}
   size_t SoftMaxHeapSize                          = 2147483648                             {manageable} {ergonomic}
     bool UseCompressedOops                        = true                           {product lp64_product} {ergonomic}
     bool UseG1GC                                  = true                                      {product} {ergonomic}
     bool UseLargePagesIndividualAllocation        = false                                  {pd product} {ergonomic}

Logging:
Log output configuration:
 #0: stdout all=warning uptime,level,tags foldmultilines=false
 #1: stderr all=off uptime,level,tags foldmultilines=false

Environment Variables:
PATH=C:\Program Files\Common Files\Oracle\Java\javapath;C:\WINDOWS\system32;C:\WINDOWS;C:\WINDOWS\System32\Wbem;C:\WINDOWS\System32\WindowsPowerShell\v1.0\;C:\WINDOWS\System32\OpenSSH\;C:\Program Files\Git\cmd;C:\Program Files\nodejs\;C:\Program Files\PostgreSQL\16\bin;C:\Program Files\dotnet\;C:\Users\Richard Sanvie\AppData\Local\Microsoft\WindowsApps;C:\Users\Richard Sanvie\AppData\Local\Programs\Microsoft VS Code\bin;C:\Users\Richard Sanvie\AppData\Roaming\npm;C:\Users\Richard Sanvie\AppData\Local\PowerToys\DSCModules\;C:\Program Files\MySQL\MySQL Server 8.0\bin;
USERNAME=Richard Sanvie
OS=Windows_NT
PROCESSOR_IDENTIFIER=Intel64 Family 6 Model 186 Stepping 3, GenuineIntel
TMP=C:\Users\RICHAR~1\AppData\Local\Temp
TEMP=C:\Users\RICHAR~1\AppData\Local\Temp




Periodic native trim disabled

JNI global refs:
JNI global refs: 29, weak refs: 102

JNI global refs memory usage: 835, weak refs: 1465

Process memory usage:
Resident Set Size: 557096K (6% of 8071412K total physical memory with 114628K free physical memory)

OOME stack traces (most recent first):
Classloader memory used:
Loader org.gradle.internal.classloader.VisitableURLClassLoader$InstrumentingVisitableURLClassLoader: 42937K
Loader org.gradle.internal.classloader.VisitableURLClassLoader                         : 42294K
Loader bootstrap                                                                       : 33618K
Loader org.gradle.initialization.MixInLegacyTypesClassLoader                           : 13344K
Loader jdk.internal.loader.ClassLoaders$PlatformClassLoader                            : 825K
Loader jdk.internal.reflect.DelegatingClassLoader                                      : 431K
Loader jdk.internal.loader.ClassLoaders$AppClassLoader                                 : 234K
Loader org.gradle.internal.classloader.VisitableURLClassLoader                         : 213K

Classes loaded by more than one classloader:
Class Program                                                                         : loaded 5 times (x 68B)
Class Build_gradle                                                                    : loaded 3 times (x 126B)
Class Build_gradle$1                                                                  : loaded 3 times (x 70B)
Class com.google.common.collect.RegularImmutableMap$KeySet                            : loaded 2 times (x 148B)
Class org.gradle.internal.classloader.FilteringClassLoader                            : loaded 2 times (x 101B)
Class [Lcom.google.common.collect.MapMakerInternalMap$Segment;                        : loaded 2 times (x 65B)
Class com.google.common.io.FileWriteMode                                              : loaded 2 times (x 75B)
Class [Lcom.google.common.base.AbstractIterator$State;                                : loaded 2 times (x 65B)
Class com.google.common.base.CharMatcher$IsEither                                     : loaded 2 times (x 107B)
Class org.gradle.internal.classloader.ClassLoaderHierarchy                            : loaded 2 times (x 66B)
Class com.google.common.collect.AbstractMapBasedMultimap$WrappedCollection            : loaded 2 times (x 120B)
Class com.google.common.collect.ImmutableEnumSet                                      : loaded 2 times (x 142B)
Class com.google.common.util.concurrent.ExecutionError                                : loaded 2 times (x 78B)
Class com.google.common.collect.ImmutableList$1                                       : loaded 2 times (x 93B)
Class org.gradle.api.internal.classpath.ManifestUtil                                  : loaded 2 times (x 67B)
Class com.google.common.io.ByteArrayDataOutput                                        : loaded 2 times (x 66B)
Class com.google.common.collect.RegularImmutableMap                                   : loaded 2 times (x 117B)
Class com.google.common.collect.ImmutableMap$MapViewOfValuesAsSingletonSets           : loaded 2 times (x 122B)
Class [Lorg.objectweb.asm.Symbol;                                                     : loaded 2 times (x 65B)
Class org.objectweb.asm.ClassVisitor                                                  : loaded 2 times (x 84B)
Class com.google.common.collect.UnmodifiableListIterator                              : loaded 2 times (x 91B)
Class com.google.common.collect.MapMakerInternalMap$StrongKeyDummyValueEntry$LinkedStrongKeyDummyValueEntry: loaded 2 times (x 78B)
Class com.google.common.collect.MapMakerInternalMap$Strength                          : loaded 2 times (x 76B)
Class com.google.common.base.Platform$JdkPatternCompiler                              : loaded 2 times (x 71B)
Class org.objectweb.asm.MethodTooLargeException                                       : loaded 2 times (x 79B)
Class [Lcom.google.common.cache.CacheBuilder$OneWeigher;                              : loaded 2 times (x 65B)
Class com.google.common.base.Suppliers                                                : loaded 2 times (x 67B)
Class org.gradle.internal.classloader.DefaultClassLoaderFactory                       : loaded 2 times (x 78B)
Class [Lcom.google.common.collect.AbstractIterator$State;                             : loaded 2 times (x 65B)
Class com.google.common.base.CharMatcher$None                                         : loaded 2 times (x 108B)
Class org.gradle.internal.classloader.ClassLoaderVisitor                              : loaded 2 times (x 72B)
Class [Lcom.google.common.collect.ImmutableMapEntry;                                  : loaded 2 times (x 65B)
Class org.gradle.api.internal.classpath.EffectiveClassPath                            : loaded 2 times (x 86B)
Class com.google.common.collect.ImmutableRangeSet                                     : loaded 2 times (x 111B)
Class com.google.common.collect.ListMultimap                                          : loaded 2 times (x 66B)
Class com.google.common.collect.ImmutableEnumMap                                      : loaded 2 times (x 122B)
Class com.google.common.collect.Sets$1                                                : loaded 2 times (x 135B)
Class org.objectweb.asm.AnnotationVisitor                                             : loaded 2 times (x 74B)
Class com.google.common.base.Splitter                                                 : loaded 2 times (x 68B)
Class org.gradle.api.internal.DefaultClassPathProvider                                : loaded 2 times (x 72B)
Class com.google.common.collect.MapMakerInternalMap$Strength$1                        : loaded 2 times (x 76B)
Class com.google.common.collect.Maps$ViewCachingAbstractMap                           : loaded 2 times (x 121B)
Class com.google.common.collect.Sets$2                                                : loaded 2 times (x 135B)
Class [Lorg.gradle.api.internal.ClassPathProvider;                                    : loaded 2 times (x 65B)
Class org.gradle.api.internal.ClassPathProvider                                       : loaded 2 times (x 66B)
Class com.google.common.collect.MapMakerInternalMap$Strength$2                        : loaded 2 times (x 76B)
Class [Lorg.objectweb.asm.AnnotationVisitor;                                          : loaded 2 times (x 65B)
Class com.google.common.collect.Sets$3                                                : loaded 2 times (x 135B)
Class com.google.common.util.concurrent.AbstractFuture$SafeAtomicHelper               : loaded 2 times (x 75B)
Class com.google.common.cache.LocalCache$LocalLoadingCache                            : loaded 2 times (x 130B)
Class com.google.common.base.AbstractIterator$State                                   : loaded 2 times (x 75B)
Class org.gradle.internal.service.UnknownServiceException                             : loaded 2 times (x 79B)
Class com.google.common.collect.MapMakerInternalMap$StrongValueEntry                  : loaded 2 times (x 66B)
Class com.google.common.io.ByteArrayDataInput                                         : loaded 2 times (x 66B)
Class com.google.common.collect.Sets$4                                                : loaded 2 times (x 135B)
Class org.objectweb.asm.ModuleVisitor                                                 : loaded 2 times (x 77B)
Class com.google.common.cache.LocalCache$Strength$1                                   : loaded 2 times (x 77B)
Class com.google.common.util.concurrent.SettableFuture                                : loaded 2 times (x 110B)
Class com.google.common.cache.LocalCache$Strength$2                                   : loaded 2 times (x 77B)
Class com.google.common.collect.Interners$InternerImpl                                : loaded 2 times (x 71B)
Class com.google.common.io.ByteStreams                                                : loaded 2 times (x 67B)
Class com.google.common.collect.Interner                                              : loaded 2 times (x 66B)
Class com.google.common.collect.TransformedIterator                                   : loaded 2 times (x 76B)
Class com.google.common.cache.LocalCache$Strength$3                                   : loaded 2 times (x 77B)
Class com.google.common.collect.MapDifference                                         : loaded 2 times (x 66B)
Class com.google.common.base.Splitter$1                                               : loaded 2 times (x 73B)
Class com.google.common.collect.MapMaker$Dummy                                        : loaded 2 times (x 75B)
Class org.objectweb.asm.FieldWriter                                                   : loaded 2 times (x 74B)
Class com.google.common.cache.CacheBuilder$NullListener                               : loaded 2 times (x 78B)
Class org.gradle.internal.classpath.TransformedClassPath                              : loaded 2 times (x 92B)
Class org.gradle.internal.classloader.InstrumentingClassLoader                        : loaded 2 times (x 66B)
Class com.google.common.collect.ImmutableListMultimap                                 : loaded 2 times (x 172B)
Class com.google.common.collect.ImmutableRangeSet$AsSet                               : loaded 2 times (x 296B)
Class com.google.common.cache.CacheLoader$FunctionToCacheLoader                       : loaded 2 times (x 71B)
Class com.google.common.collect.Iterators$ArrayItr                                    : loaded 2 times (x 93B)
Class com.google.common.collect.ImmutableCollection$Builder                           : loaded 2 times (x 72B)
Class com.google.common.collect.EmptyImmutableListMultimap                            : loaded 2 times (x 172B)
Class com.google.common.collect.BaseImmutableMultimap                                 : loaded 2 times (x 119B)
Class com.google.common.base.Joiner                                                   : loaded 2 times (x 75B)
Class com.google.common.base.MoreObjects                                              : loaded 2 times (x 67B)
Class com.google.common.collect.Platform                                              : loaded 2 times (x 67B)
Class [Lorg.objectweb.asm.Type;                                                       : loaded 2 times (x 65B)
Class com.google.common.collect.UnmodifiableIterator                                  : loaded 2 times (x 76B)
Class org.gradle.internal.service.ServiceLocator                                      : loaded 2 times (x 66B)
Class com.google.common.base.Ascii                                                    : loaded 2 times (x 67B)
Class com.google.common.collect.SingletonImmutableBiMap                               : loaded 2 times (x 139B)
Class com.google.common.cache.LocalCache$1                                            : loaded 2 times (x 85B)
Class com.google.common.collect.AbstractMapEntry                                      : loaded 2 times (x 77B)
Class com.google.common.collect.MapMakerInternalMap$AbstractStrongKeyEntry            : loaded 2 times (x 76B)
Class com.google.common.collect.Sets$ImprovedAbstractSet                              : loaded 2 times (x 131B)
Class com.google.common.collect.ImmutableList$Builder                                 : loaded 2 times (x 73B)
Class com.google.common.collect.AbstractMultimap                                      : loaded 2 times (x 119B)
Class com.google.common.cache.LocalCache$2                                            : loaded 2 times (x 138B)
Class com.google.common.collect.ImmutableRangeSet$1                                   : loaded 2 times (x 206B)
Class com.google.common.util.concurrent.AbstractFuture$UnsafeAtomicHelper$1           : loaded 2 times (x 72B)
Class com.google.common.collect.RegularImmutableAsList                                : loaded 2 times (x 213B)
Class com.google.common.base.Optional                                                 : loaded 2 times (x 76B)
Class com.google.common.collect.Range                                                 : loaded 2 times (x 83B)
Class com.google.common.util.concurrent.AbstractFuture$Trusted                        : loaded 2 times (x 66B)
Class com.google.common.collect.Iterators                                             : loaded 2 times (x 67B)
Class com.google.common.io.ByteSink$AsCharSink                                        : loaded 2 times (x 76B)
Class com.google.common.util.concurrent.UncheckedExecutionException                   : loaded 2 times (x 78B)
Class com.google.common.collect.Lists$StringAsImmutableList                           : loaded 2 times (x 203B)
Class org.gradle.kotlin.dsl.VersionCatalogAccessorsKt                                 : loaded 2 times (x 67B)
Class org.gradle.internal.InternalTransformer                                         : loaded 2 times (x 66B)
Class com.google.common.collect.AbstractMapBasedMultimap$KeySet$1                     : loaded 2 times (x 78B)
Class org.objectweb.asm.ClassWriter                                                   : loaded 2 times (x 102B)
Class com.google.common.cache.CacheLoader$UnsupportedLoadingOperationException        : loaded 2 times (x 78B)
Class com.google.common.base.CharMatcher$And                                          : loaded 2 times (x 108B)
Class org.gradle.internal.classloader.ClasspathUtil$1                                 : loaded 2 times (x 72B)
Class com.google.common.collect.FluentIterable$1                                      : loaded 2 times (x 77B)
Class com.google.common.base.Objects                                                  : loaded 2 times (x 67B)
Class org.objectweb.asm.FieldVisitor                                                  : loaded 2 times (x 73B)
Class com.google.common.collect.IndexedImmutableSet                                   : loaded 2 times (x 148B)
Class com.google.common.collect.ImmutableMap$1                                        : loaded 2 times (x 77B)
Class com.google.common.collect.BiMap                                                 : loaded 2 times (x 66B)
Class org.gradle.api.internal.classpath.DefaultModuleRegistry$DefaultModule           : loaded 2 times (x 82B)
Class com.google.common.base.Equivalence$Identity                                     : loaded 2 times (x 78B)
Class com.google.common.collect.FluentIterable$2                                      : loaded 2 times (x 77B)
Class com.google.common.primitives.Ints                                               : loaded 2 times (x 67B)
Class com.google.common.collect.AbstractIterator                                      : loaded 2 times (x 78B)
Class com.google.common.collect.FluentIterable$3                                      : loaded 2 times (x 77B)
Class com.google.common.collect.Multiset                                              : loaded 2 times (x 66B)
Class com.google.common.collect.ArrayListMultimapGwtSerializationDependencies         : loaded 2 times (x 168B)
Class com.google.common.math.MathPreconditions                                        : loaded 2 times (x 67B)
Class com.google.common.collect.ObjectArrays                                          : loaded 2 times (x 67B)
Class com.google.common.collect.AbstractIndexedListIterator                           : loaded 2 times (x 92B)
Class com.google.common.collect.ImmutableMapEntrySet                                  : loaded 2 times (x 148B)
Class org.gradle.api.internal.classpath.Module                                        : loaded 2 times (x 66B)
Class com.google.common.cache.Weigher                                                 : loaded 2 times (x 66B)
Class org.gradle.api.internal.classpath.UnknownModuleException                        : loaded 2 times (x 78B)
Class com.google.common.base.Stopwatch                                                : loaded 2 times (x 68B)
Class com.google.common.cache.LocalCache$Strength                                     : loaded 2 times (x 77B)
Class com.google.common.cache.Cache                                                   : loaded 2 times (x 66B)
Class com.google.common.io.Files$2                                                    : loaded 2 times (x 72B)
Class com.google.common.io.AppendableWriter                                           : loaded 2 times (x 96B)
Class com.google.common.util.concurrent.AbstractFuture$Cancellation                   : loaded 2 times (x 68B)
Class com.google.common.collect.ImmutableMap$Builder                                  : loaded 2 times (x 78B)
Class com.google.common.base.NullnessCasts                                            : loaded 2 times (x 67B)
Class com.google.common.collect.AbstractMapBasedMultimap$WrappedCollection$WrappedIterator: loaded 2 times (x 80B)
Class com.google.common.base.Present                                                  : loaded 2 times (x 77B)
Class com.google.common.cache.RemovalListener                                         : loaded 2 times (x 66B)
Class org.gradle.api.internal.DefaultClassPathRegistry                                : loaded 2 times (x 72B)
Class com.google.common.collect.ImmutableMultimap$Keys                                : loaded 2 times (x 162B)
Class com.google.common.primitives.IntsMethodsForWeb                                  : loaded 2 times (x 67B)
Class com.google.common.collect.Multimap                                              : loaded 2 times (x 66B)
Class org.gradle.api.internal.ClassPathRegistry                                       : loaded 2 times (x 66B)
Class org.gradle.internal.classpath.DefaultClassPath$ImmutableUniqueList              : loaded 2 times (x 195B)
Class com.google.common.collect.NullnessCasts                                         : loaded 2 times (x 67B)
Class com.google.common.collect.MapMakerInternalMap$Segment                           : loaded 2 times (x 138B)
Class com.google.common.base.ExtraObjectsMethodsForWeb                                : loaded 2 times (x 67B)
Class com.google.common.base.PairwiseEquivalence                                      : loaded 2 times (x 79B)
Class com.google.common.io.ByteSink                                                   : loaded 2 times (x 72B)
Class com.google.common.cache.CacheBuilder                                            : loaded 2 times (x 68B)
Class com.google.common.collect.SingletonImmutableList                                : loaded 2 times (x 203B)
Class Settings_gradle$1                                                               : loaded 2 times (x 70B)
Class org.gradle.internal.classpath.ClassPath                                         : loaded 2 times (x 66B)
Class org.gradle.api.UncheckedIOException                                             : loaded 2 times (x 78B)
Class com.google.common.collect.Interners$InternerBuilder                             : loaded 2 times (x 72B)
Class com.google.common.io.Files$FileByteSource                                       : loaded 2 times (x 81B)
Class com.google.common.collect.ImmutableList$ReverseImmutableList                    : loaded 2 times (x 205B)
Class com.google.common.base.JdkPattern                                               : loaded 2 times (x 71B)
Class com.google.common.io.CharStreams$NullWriter                                     : loaded 2 times (x 95B)
Class org.objectweb.asm.SymbolTable$Entry                                             : loaded 2 times (x 70B)
Class com.google.common.util.concurrent.AbstractFuture$AtomicHelper                   : loaded 2 times (x 74B)
Class org.objectweb.asm.Edge                                                          : loaded 2 times (x 68B)
Class com.google.common.base.Suppliers$SupplierOfInstance                             : loaded 2 times (x 75B)
Class com.google.common.collect.Iterators$1                                           : loaded 2 times (x 77B)
Class com.google.common.cache.LocalCache$ComputingValueReference                      : loaded 2 times (x 92B)
Class com.google.common.collect.SingletonImmutableSet                                 : loaded 2 times (x 142B)
Class com.google.common.collect.ImmutableMap$IteratorBasedImmutableMap                : loaded 2 times (x 122B)
Class com.google.common.cache.LocalCache$Segment                                      : loaded 2 times (x 150B)
Class com.google.common.collect.SortedIterable                                        : loaded 2 times (x 66B)
Class com.google.common.collect.AbstractListMultimap                                  : loaded 2 times (x 168B)
Class [Lorg.objectweb.asm.SymbolTable$Entry;                                          : loaded 2 times (x 65B)
Class com.google.common.cache.CacheLoader                                             : loaded 2 times (x 70B)
Class com.google.common.collect.Iterators$4                                           : loaded 2 times (x 78B)
Class com.google.common.collect.ImmutableBiMap                                        : loaded 2 times (x 139B)
Class org.gradle.internal.installation.GradleInstallation$1                           : loaded 2 times (x 71B)
Class org.gradle.api.internal.classpath.ModuleRegistry                                : loaded 2 times (x 66B)
Class com.google.common.util.concurrent.internal.InternalFutureFailureAccess          : loaded 2 times (x 68B)
Class com.google.common.collect.Iterators$5                                           : loaded 2 times (x 78B)
Class com.google.common.collect.ImmutableSet$JdkBackedSetBuilderImpl                  : loaded 2 times (x 72B)
Class com.google.common.base.Splitter$SplittingIterator                               : loaded 2 times (x 80B)
Class com.google.common.collect.ImmutableMultimap$Values                              : loaded 2 times (x 122B)
Class com.google.common.util.concurrent.AbstractFuture$UnsafeAtomicHelper             : loaded 2 times (x 74B)
Class com.google.common.cache.LocalCache$LocalManualCache$1                           : loaded 2 times (x 71B)
Class com.google.common.base.CharMatcher$ForPredicate                                 : loaded 2 times (x 108B)
Class com.google.common.collect.ImmutableCollection                                   : loaded 2 times (x 121B)
Class com.google.common.base.CharMatcher$AnyOf                                        : loaded 2 times (x 108B)
Class org.gradle.api.internal.classpath.DefaultModuleRegistry                         : loaded 2 times (x 82B)
Class com.google.common.util.concurrent.ListenableFuture                              : loaded 2 times (x 66B)
Class com.google.common.cache.ReferenceEntry                                          : loaded 2 times (x 66B)
Class com.google.common.base.Converter                                                : loaded 2 times (x 86B)
Class com.google.common.collect.ImmutableSet$CachingAsList                            : loaded 2 times (x 144B)
Class com.google.common.collect.Lists                                                 : loaded 2 times (x 67B)
Class com.google.common.collect.AbstractMapBasedMultimap                              : loaded 2 times (x 135B)
Class com.google.common.util.concurrent.AbstractFuture                                : loaded 2 times (x 102B)
Class com.google.common.base.FunctionalEquivalence                                    : loaded 2 times (x 79B)
Class com.google.common.collect.Iterators$9                                           : loaded 2 times (x 77B)
Class com.google.common.collect.ImmutableAsList                                       : loaded 2 times (x 205B)
Class com.google.common.io.CharStreams                                                : loaded 2 times (x 67B)
Class com.google.common.collect.ImmutableMultiset                                     : loaded 2 times (x 159B)
Class org.objectweb.asm.RecordComponentVisitor                                        : loaded 2 times (x 73B)
Class com.google.common.cache.CacheLoader$SupplierToCacheLoader                       : loaded 2 times (x 71B)
Class com.google.common.collect.Maps$EntryTransformer                                 : loaded 2 times (x 66B)
Class org.gradle.internal.service.ServiceLookupException                              : loaded 2 times (x 78B)
Class com.google.common.collect.ImmutableSortedSet                                    : loaded 2 times (x 296B)
Class [Lcom.google.common.cache.LocalCache$EntryFactory;                              : loaded 2 times (x 65B)
Class org.gradle.internal.classloader.ClassLoaderFactory                              : loaded 2 times (x 66B)
Class com.google.common.cache.LocalCache$LocalManualCache                             : loaded 2 times (x 95B)
Class com.google.common.base.CharMatcher$IsNot                                        : loaded 2 times (x 107B)
Class com.google.common.base.CommonPattern                                            : loaded 2 times (x 70B)
Class org.gradle.internal.service.CachingServiceLocator                               : loaded 2 times (x 78B)
Class com.google.common.collect.AbstractMapBasedMultimap$KeySet                       : loaded 2 times (x 133B)
Class com.google.common.collect.RegularImmutableSortedSet                             : loaded 2 times (x 296B)
Class com.google.common.math.IntMath                                                  : loaded 2 times (x 67B)
Class com.google.common.collect.MapMakerInternalMap$InternalEntry                     : loaded 2 times (x 66B)
Class com.google.common.collect.ImmutableMapEntry                                     : loaded 2 times (x 81B)
Class com.google.common.collect.ImmutableMultimap                                     : loaded 2 times (x 143B)
Class com.google.common.base.Equivalence                                              : loaded 2 times (x 78B)
Class com.google.common.base.Function                                                 : loaded 2 times (x 66B)
Class com.google.common.collect.ImmutableMapEntry$NonTerminalImmutableMapEntry        : loaded 2 times (x 81B)
Class com.google.common.collect.IndexedImmutableSet$1                                 : loaded 2 times (x 209B)
Class com.google.common.cache.CacheBuilder$OneWeigher                                 : loaded 2 times (x 78B)
Class com.google.common.collect.RegularImmutableList                                  : loaded 2 times (x 209B)
Class org.gradle.internal.classloader.ClasspathUtil                                   : loaded 2 times (x 67B)
Class com.google.common.base.Charsets                                                 : loaded 2 times (x 67B)
Class com.google.common.util.concurrent.Uninterruptibles                              : loaded 2 times (x 67B)
Class com.google.common.collect.Maps                                                  : loaded 2 times (x 67B)
Class org.gradle.api.specs.Spec                                                       : loaded 2 times (x 66B)
Class com.google.common.collect.MapMaker                                              : loaded 2 times (x 68B)
Class [Lcom.google.common.collect.ImmutableEntry;                                     : loaded 2 times (x 65B)
Class com.google.common.cache.LocalCache$LoadingValueReference                        : loaded 2 times (x 92B)
Class com.google.common.base.Absent                                                   : loaded 2 times (x 76B)
Class com.google.common.collect.MapMakerInternalMap$StrongKeyDummyValueEntry          : loaded 2 times (x 78B)
Class com.google.common.io.LineReader$1                                               : loaded 2 times (x 71B)
Class com.google.common.collect.CollectSpliterators                                   : loaded 2 times (x 67B)
Class com.google.common.collect.AbstractMapBasedMultimap$AsMap                        : loaded 2 times (x 124B)
Class com.google.common.base.Platform                                                 : loaded 2 times (x 67B)
Class com.google.common.collect.AbstractMapBasedMultimap$WrappedList                  : loaded 2 times (x 201B)
Class [Lorg.objectweb.asm.AnnotationWriter;                                           : loaded 2 times (x 65B)
Class com.google.common.collect.Maps$8                                                : loaded 2 times (x 78B)
Class com.google.common.collect.ImmutableRangeSet$Builder                             : loaded 2 times (x 73B)
Class com.google.common.collect.Sets$SetView                                          : loaded 2 times (x 134B)
Class com.google.common.cache.LocalCache$StrongValueReference                         : loaded 2 times (x 86B)
Class com.google.common.util.concurrent.AbstractFuture$SynchronizedHelper             : loaded 2 times (x 74B)
Class com.google.common.graph.SuccessorsFunction                                      : loaded 2 times (x 66B)
Class org.objectweb.asm.Type                                                          : loaded 2 times (x 68B)
Class org.gradle.internal.classloader.VisitableURLClassLoader$InstrumentingVisitableURLClassLoader: loaded 2 times (x 119B)
Class com.google.common.collect.MapMakerInternalMap$StrongKeyDummyValueEntry$Helper   : loaded 2 times (x 75B)
Class com.google.common.io.Files$FileByteSink                                         : loaded 2 times (x 73B)
Class org.objectweb.asm.ByteVector                                                    : loaded 2 times (x 75B)
Class [Lcom.google.common.cache.CacheBuilder$NullListener;                            : loaded 2 times (x 65B)
Class com.google.common.math.IntMath$1                                                : loaded 2 times (x 67B)
Class org.gradle.internal.classloader.VisitableURLClassLoader$Spec                    : loaded 2 times (x 70B)
Class org.gradle.internal.classpath.DefaultClassPath                                  : loaded 2 times (x 86B)
Class org.objectweb.asm.Symbol                                                        : loaded 2 times (x 69B)
Class com.google.common.base.AbstractIterator                                         : loaded 2 times (x 76B)
Class com.google.common.io.Closer                                                     : loaded 2 times (x 74B)
Class com.google.common.io.Java8Compatibility                                         : loaded 2 times (x 67B)
Class com.google.common.base.CharMatcher$Ascii                                        : loaded 2 times (x 108B)
Class com.google.common.collect.RegularImmutableMap$Values                            : loaded 2 times (x 203B)
Class com.google.common.collect.ImmutableSet                                          : loaded 2 times (x 141B)
Class com.google.common.base.CharMatcher$BitSetMatcher                                : loaded 2 times (x 108B)
Class org.gradle.internal.classloader.ClassLoaderSpec                                 : loaded 2 times (x 67B)
Class org.objectweb.asm.AnnotationWriter                                              : loaded 2 times (x 75B)
Class com.google.common.cache.CacheStats                                              : loaded 2 times (x 67B)
Class com.google.common.collect.Interners                                             : loaded 2 times (x 67B)
Class com.google.common.io.Closer$Suppressor                                          : loaded 2 times (x 66B)
Class com.google.common.io.LineProcessor                                              : loaded 2 times (x 66B)
Class com.google.common.collect.ImmutableMultisetGwtSerializationDependencies         : loaded 2 times (x 121B)
Class org.objectweb.asm.RecordComponentWriter                                         : loaded 2 times (x 74B)
Class com.google.common.util.concurrent.AbstractFuture$Listener                       : loaded 2 times (x 68B)
Class com.google.common.base.CharMatcher$Or                                           : loaded 2 times (x 108B)
Class Settings_gradle$1$1                                                             : loaded 2 times (x 70B)
Class org.objectweb.asm.Attribute                                                     : loaded 2 times (x 73B)
Class com.google.common.base.Supplier                                                 : loaded 2 times (x 66B)
Class org.gradle.internal.classloader.VisitableURLClassLoader                         : loaded 2 times (x 113B)
Class com.google.common.collect.ImmutableList$SerializedForm                          : loaded 2 times (x 69B)
Class com.google.common.util.concurrent.AbstractFuture$Waiter                         : loaded 2 times (x 68B)
Class Settings_gradle                                                                 : loaded 2 times (x 124B)
Class org.gradle.internal.Cast                                                        : loaded 2 times (x 67B)
Class org.gradle.api.Action                                                           : loaded 2 times (x 66B)
Class com.google.common.collect.MapMakerInternalMap                                   : loaded 2 times (x 157B)
Class com.google.common.base.Strings                                                  : loaded 2 times (x 67B)
Class com.google.common.collect.Sets                                                  : loaded 2 times (x 67B)
Class org.objectweb.asm.Handler                                                       : loaded 2 times (x 68B)
Class com.google.common.base.Ticker                                                   : loaded 2 times (x 68B)
Class com.google.common.base.CharMatcher$FastMatcher                                  : loaded 2 times (x 107B)
Class [Lcom.google.common.cache.LocalCache$Segment;                                   : loaded 2 times (x 65B)
Class [Lcom.google.common.cache.LocalCache$Strength;                                  : loaded 2 times (x 65B)
Class com.google.common.cache.CacheBuilder$1                                          : loaded 2 times (x 81B)
Class com.google.common.collect.ImmutableMap                                          : loaded 2 times (x 116B)
Class com.google.common.base.Predicate                                                : loaded 2 times (x 66B)
Class org.gradle.internal.classpath.DefaultClassPath$ImmutableUniqueList$Builder      : loaded 2 times (x 71B)
Class com.google.common.collect.MapMakerInternalMap$WeakValueReference                : loaded 2 times (x 66B)
Class com.google.common.collect.AbstractRangeSet                                      : loaded 2 times (x 110B)
Class com.google.common.cache.LocalCache                                              : loaded 2 times (x 183B)
Class com.google.common.cache.CacheBuilder$2                                          : loaded 2 times (x 75B)
Class com.google.common.base.CharMatcher$NegatedFastMatcher                           : loaded 2 times (x 109B)
Class com.google.common.collect.ArrayListMultimap                                     : loaded 2 times (x 168B)
Class com.google.common.cache.CacheBuilder$3                                          : loaded 2 times (x 68B)
Class [Lcom.google.common.collect.AbstractMapEntry;                                   : loaded 2 times (x 65B)
Class com.google.common.collect.ImmutableEntry                                        : loaded 2 times (x 78B)
Class org.gradle.api.GradleException                                                  : loaded 2 times (x 78B)
Class com.google.common.base.Suppliers$MemoizingSupplier                              : loaded 2 times (x 75B)
Class com.google.common.collect.CollectPreconditions                                  : loaded 2 times (x 67B)
Class [Lcom.google.common.collect.MapMakerInternalMap$Strength;                       : loaded 2 times (x 65B)
Class [Lcom.google.common.io.FileWriteMode;                                           : loaded 2 times (x 65B)
Class com.google.common.collect.SortedMapDifference                                   : loaded 2 times (x 66B)
Class com.google.common.collect.MapMakerInternalMap$StrongKeyDummyValueSegment        : loaded 2 times (x 138B)
Class com.google.common.collect.Iterables$4                                           : loaded 2 times (x 77B)
Class com.google.common.io.Files                                                      : loaded 2 times (x 67B)
Class com.google.common.cache.LocalCache$EntryFactory                                 : loaded 2 times (x 79B)
Class [Lcom.google.common.collect.MapMaker$Dummy;                                     : loaded 2 times (x 65B)
Class com.google.common.base.CharMatcher$Whitespace                                   : loaded 2 times (x 108B)
Class com.google.common.cache.LocalCache$AbstractReferenceEntry                       : loaded 2 times (x 103B)
Class com.google.common.base.Splitter$1$1                                             : loaded 2 times (x 82B)
Class org.gradle.internal.IoActions                                                   : loaded 2 times (x 67B)
Class com.google.common.collect.ImmutableMapKeySet                                    : loaded 2 times (x 148B)
Class com.google.common.collect.ImmutableRangeSet$ComplementRanges                    : loaded 2 times (x 203B)
Class org.objectweb.asm.SymbolTable                                                   : loaded 2 times (x 68B)
Class com.google.common.cache.CacheLoader$InvalidCacheLoadException                   : loaded 2 times (x 78B)
Class com.google.common.collect.ImmutableSet$RegularSetBuilderImpl                    : loaded 2 times (x 73B)
Class org.gradle.internal.classloader.SystemClassLoaderSpec                           : loaded 2 times (x 67B)
Class com.google.common.collect.FluentIterable                                        : loaded 2 times (x 77B)
Class com.google.common.cache.LocalCache$StrongEntry                                  : loaded 2 times (x 104B)
Class com.google.common.util.concurrent.AbstractFuture$TrustedFuture                  : loaded 2 times (x 110B)
Class com.google.common.cache.LoadingCache                                            : loaded 2 times (x 66B)
Class com.google.common.io.ByteStreams$LimitedInputStream                             : loaded 2 times (x 88B)
Class com.google.common.base.Suppliers$NonSerializableMemoizingSupplier               : loaded 2 times (x 75B)
Class org.objectweb.asm.MethodWriter                                                  : loaded 2 times (x 102B)
Class [Lcom.google.common.cache.Weigher;                                              : loaded 2 times (x 65B)
Class com.google.common.collect.RegularImmutableMap$BucketOverflowException           : loaded 2 times (x 78B)
Class com.google.common.collect.ImmutableMultimap$1                                   : loaded 2 times (x 78B)
Class com.google.common.collect.AbstractMapBasedMultimap$RandomAccessWrappedList      : loaded 2 times (x 201B)
Class com.google.common.collect.AbstractIterator$State                                : loaded 2 times (x 75B)
Class com.google.common.collect.ImmutableMultimap$2                                   : loaded 2 times (x 77B)
Class com.google.common.collect.RegularImmutableBiMap                                 : loaded 2 times (x 145B)
Class com.google.common.cache.LocalCache$ValueReference                               : loaded 2 times (x 66B)
Class com.google.common.base.CharMatcher$Negated                                      : loaded 2 times (x 109B)
Class com.google.common.base.CharMatcher$Is                                           : loaded 2 times (x 107B)
Class com.google.common.base.PatternCompiler                                          : loaded 2 times (x 66B)
Class com.google.common.util.concurrent.AbstractFuture$Failure                        : loaded 2 times (x 68B)
Class com.google.common.base.Equivalence$Equals                                       : loaded 2 times (x 78B)
Class com.google.common.collect.Hashing                                               : loaded 2 times (x 67B)
Class com.google.common.base.Preconditions                                            : loaded 2 times (x 67B)
Class com.google.common.io.CharSink                                                   : loaded 2 times (x 75B)
Class com.google.common.base.Joiner$1                                                 : loaded 2 times (x 76B)
Class org.objectweb.asm.Label                                                         : loaded 2 times (x 69B)
Class org.objectweb.asm.CurrentFrame                                                  : loaded 2 times (x 69B)
Class org.objectweb.asm.ClassTooLargeException                                        : loaded 2 times (x 79B)
Class com.google.common.collect.PeekingIterator                                       : loaded 2 times (x 66B)
Class com.google.common.base.CharMatcher                                              : loaded 2 times (x 107B)
Class com.google.common.collect.Table                                                 : loaded 2 times (x 66B)
Class com.google.common.collect.MapMakerInternalMap$InternalEntryHelper               : loaded 2 times (x 66B)
Class com.google.common.collect.RangeGwtSerializationDependencies                     : loaded 2 times (x 67B)
Class com.google.common.base.Joiner$2                                                 : loaded 2 times (x 75B)
Class org.objectweb.asm.Frame                                                         : loaded 2 times (x 69B)
Class org.objectweb.asm.MethodVisitor                                                 : loaded 2 times (x 101B)
Class com.google.common.cache.LocalCache$EntryFactory$1                               : loaded 2 times (x 79B)
Class [Lcom.google.common.cache.RemovalListener;                                      : loaded 2 times (x 65B)
Class com.google.common.base.CharMatcher$NamedFastMatcher                             : loaded 2 times (x 108B)
Class com.google.common.base.CharMatcher$1                                            : loaded 2 times (x 109B)
Class com.google.common.collect.RangeSet                                              : loaded 2 times (x 66B)
Class com.google.common.cache.LocalCache$EntryFactory$2                               : loaded 2 times (x 79B)
Class org.gradle.api.internal.classpath.GlobalCacheRootsProvider                      : loaded 2 times (x 66B)
Class com.google.common.collect.CollectCollectors                                     : loaded 2 times (x 67B)
Class org.objectweb.asm.ModuleWriter                                                  : loaded 2 times (x 78B)
Class com.google.common.cache.LocalCache$EntryFactory$3                               : loaded 2 times (x 79B)
Class com.google.common.base.Ticker$1                                                 : loaded 2 times (x 68B)
Class com.google.common.collect.Maps$BiMapConverter                                   : loaded 2 times (x 86B)
Class com.google.common.collect.ImmutableMapEntrySet$RegularEntrySet                  : loaded 2 times (x 148B)
Class com.google.common.collect.CollectSpliterators$1                                 : loaded 2 times (x 86B)
Class com.google.common.cache.LocalCache$EntryFactory$4                               : loaded 2 times (x 79B)
Class com.google.common.collect.ImmutableSet$Builder                                  : loaded 2 times (x 81B)
Class com.google.common.base.CharMatcher$InRange                                      : loaded 2 times (x 107B)
Class com.google.common.io.ByteStreams$1                                              : loaded 2 times (x 81B)
Class com.google.common.cache.LocalCache$EntryFactory$5                               : loaded 2 times (x 79B)
Class com.google.common.io.LineReader                                                 : loaded 2 times (x 68B)
Class com.google.common.cache.LocalCache$EntryFactory$6                               : loaded 2 times (x 79B)
Class org.gradle.internal.installation.CurrentGradleInstallationLocator               : loaded 2 times (x 67B)
Class com.google.common.collect.ImmutableMultimap$Builder                             : loaded 2 times (x 82B)
Class com.google.common.collect.Maps$KeySet                                           : loaded 2 times (x 133B)
Class com.google.common.cache.LocalCache$EntryFactory$7                               : loaded 2 times (x 79B)
Class com.google.common.collect.ImmutableSet$EmptySetBuilderImpl                      : loaded 2 times (x 72B)
Class com.google.common.collect.ImmutableList                                         : loaded 2 times (x 202B)
Class org.gradle.internal.service.DefaultServiceLocator                               : loaded 2 times (x 79B)
Class com.google.common.cache.LocalCache$SoftValueReference                           : loaded 2 times (x 93B)
Class com.google.common.collect.ImmutableMultimap$EntryCollection                     : loaded 2 times (x 124B)
Class com.google.common.collect.Maps$EntrySet                                         : loaded 2 times (x 132B)
Class com.google.common.cache.LocalCache$EntryFactory$8                               : loaded 2 times (x 79B)
Class com.google.common.collect.ImmutableSet$SetBuilderImpl                           : loaded 2 times (x 72B)
Class org.gradle.internal.installation.CurrentGradleInstallation                      : loaded 2 times (x 69B)
Class com.google.common.cache.CacheLoader$1                                           : loaded 2 times (x 71B)
Class com.google.common.collect.ForwardingObject                                      : loaded 2 times (x 68B)
Class com.google.common.collect.ImmutableList$SubList                                 : loaded 2 times (x 205B)
Class org.gradle.util.internal.GUtil                                                  : loaded 2 times (x 67B)
Class com.google.common.io.ByteSource                                                 : loaded 2 times (x 80B)
Class com.google.common.util.concurrent.AbstractFuture$SetFuture                      : loaded 2 times (x 71B)
Class com.google.common.cache.AbstractCache$StatsCounter                              : loaded 2 times (x 66B)
Class com.google.common.collect.MapMakerInternalMap$1                                 : loaded 2 times (x 79B)
Class com.google.common.io.LineBuffer                                                 : loaded 2 times (x 71B)
Class com.google.common.collect.Iterators$MergingIterator                             : loaded 2 times (x 77B)
Class com.google.common.collect.RegularImmutableSet                                   : loaded 2 times (x 145B)
Class org.gradle.internal.installation.GradleInstallation                             : loaded 2 times (x 71B)
Class com.google.common.collect.Iterables                                             : loaded 2 times (x 67B)
Class com.google.common.base.Splitter$Strategy                                        : loaded 2 times (x 66B)

---------------  S Y S T E M  ---------------

OS:
 Windows 11 , 64 bit Build 26100 (10.0.26100.9168)
OS uptime: 0 days 17:32 hours
Hyper-V role detected

CPU: total 12 (initial active 12) (6 cores per cpu, 2 threads per core) family 6 model 186 stepping 3 microcode 0x410e, cx8, cmov, fxsr, ht, mmx, 3dnowpref, sse, sse2, sse3, ssse3, sse4.1, sse4.2, popcnt, lzcnt, tsc, tscinvbit, avx, avx2, aes, erms, clmul, bmi1, bmi2, adx, sha, fma, vzeroupper, clflush, clflushopt, clwb, hv, serialize, rdtscp, rdpid, fsrm, f16c, cet_ibt, cet_ss
Processor Information for the first 12 processors :
  Max Mhz: 1300, Current Mhz: 1300, Mhz Limit: 1300

Memory: 4k page, system-wide physical 7882M (104M free)
TotalPageFile size 32458M (AvailPageFile size 32M)
current process WorkingSet (physical memory assigned to process): 548M, peak: 549M
current process commit charge ("private bytes"): 697M, peak: 789M

vm_info: OpenJDK 64-Bit Server VM (21.0.6+-13368085-b895.109) for windows-amd64 JRE (21.0.6+-13368085-b895.109), built on 2025-04-16T17:01:31Z by "builder" with MS VC++ 16.10 / 16.11 (VS2019)

END.
